"_id","Keywords","Domaine_Dactivité","Id_Utilisateurs","Date_Recherche"
"5ce314f6b0c8341cdddda0cb","pharma","Inconnu","lnconnu","20/05/2019"
"5ce31500b0c8341cdddda0cc","pharma","Inconnu","lnconnu","20/05/2019"
"5ce31510b0c8341cdddda0cd","pharma","Commerce / Négoce / Distribution","lnconnu","20/05/2019"
"5ce3b7eeb0c8341cdddda0cf","Assurances","Inconnu","lnconnu","21/05/2019"
"5ce4065ab0c8341cdddda0d2","sécurité","Inconnu","5ce3fbcfb0c8341cdddda0d0","21/05/2019"
"5ce40679b0c8341cdddda0d3","robicquet","Inconnu","lnconnu","21/05/2019"
"5ce40681b0c8341cdddda0d4","robicquet","Inconnu","lnconnu","21/05/2019"
"5ce40689b0c8341cdddda0d5","robicquet","Inconnu","lnconnu","21/05/2019"
"5ce40691b0c8341cdddda0d6","robicquet","Commerce / Négoce / Distribution","lnconnu","21/05/2019"
"5ce414a3b0c8341cdddda0d7","Qualité","Inconnu","lnconnu","21/05/2019"
"5ce41f15b0c8341cdddda0d8","sécurité","Inconnu","lnconnu","21/05/2019"
"5ce598bfb0c8341cdddda0db","Rh ","Inconnu","lnconnu","22/05/2019"
"5ce598dab0c8341cdddda0dc","Rh ","Inconnu","lnconnu","22/05/2019"
"5ce5cb93b0c8341cdddda0e1","null","Hôtellerie / Restauration / Tourisme","lnconnu","22/05/2019"
"5ce64ffeb0c8341cdddda0e2","eric","Inconnu","5c5971d6ea9407248fdd436c","23/05/2019"
"5ce650ceb0c8341cdddda0e3","michel","Inconnu","5c5971d6ea9407248fdd436c","23/05/2019"
"5ce65c96b0c8341cdddda0e4","Informatique","Inconnu","lnconnu","23/05/2019"
"5ce662a4b0c8341cdddda0ea","null","Inconnu","5ce6626cb0c8341cdddda0e8","23/05/2019"
"5ce662afb0c8341cdddda0eb","null","Inconnu","5ce6626cb0c8341cdddda0e8","23/05/2019"
"5ce662b5b0c8341cdddda0ec","MARKETING","Inconnu","5ce6626cb0c8341cdddda0e8","23/05/2019"
"5ce66321b0c8341cdddda0ed","SUPLLAIN CHAIN","Inconnu","5ce6626cb0c8341cdddda0e8","23/05/2019"
"5ce6633ab0c8341cdddda0ee","ACHAT","Inconnu","5ce6626cb0c8341cdddda0e8","23/05/2019"
"5ce6638ab0c8341cdddda0ef","ACHAT","Enseignement / Recherche / Formation","5ce6626cb0c8341cdddda0e8","23/05/2019"
"5ce6904fb0c8341cdddda0f1","Commercial","Inconnu","lnconnu","23/05/2019"
"5ce69057b0c8341cdddda0f2","Commercial","Inconnu","lnconnu","23/05/2019"
"5ce69062b0c8341cdddda0f3","Commercial","Hôtellerie / Restauration / Tourisme","lnconnu","23/05/2019"
"5ce6906cb0c8341cdddda0f4","Commercial","Inconnu","lnconnu","23/05/2019"
"5ce69077b0c8341cdddda0f5","null","Inconnu","lnconnu","23/05/2019"
"5ce69088b0c8341cdddda0f6","null","Inconnu","lnconnu","23/05/2019"
"5ce69383b0c8341cdddda0f8","null","Inconnu","lnconnu","23/05/2019"
"5ce6a5dab0c8341cdddda0fc","frédéric ","Inconnu","5c5971d6ea9407248fdd436c","23/05/2019"
"5ce6b1f9b0c8341cdddda0fe","null","Inconnu","lnconnu","23/05/2019"
"5ce6bf26b0c8341cdddda101","supply chain","Inconnu","5ce6bd34b0c8341cdddda0ff","23/05/2019"
"5ce6bf29b0c8341cdddda102","supply chain","Inconnu","5ce6bd34b0c8341cdddda0ff","23/05/2019"
"5ce6bf38b0c8341cdddda103","supplain chain","Inconnu","5ce6bd34b0c8341cdddda0ff","23/05/2019"
"5ce6c6b2b0c8341cdddda108","null","Inconnu","5ce6c06fb0c8341cdddda105","23/05/2019"
"5ce6c6bcb0c8341cdddda109","null","Inconnu","5ce6c06fb0c8341cdddda105","23/05/2019"
"5ce6c6c5b0c8341cdddda10a","null","Inconnu","5ce6c06fb0c8341cdddda105","23/05/2019"
"5ce6c6d0b0c8341cdddda10b","null","Inconnu","5ce6c06fb0c8341cdddda105","23/05/2019"
"5ce6c6d9b0c8341cdddda10c","null","Inconnu","5ce6c06fb0c8341cdddda105","23/05/2019"
"5ce6c703b0c8341cdddda10d","null","Inconnu","5ce6c06fb0c8341cdddda105","23/05/2019"
"5ce6c711b0c8341cdddda10e","null","Inconnu","5ce6c06fb0c8341cdddda105","23/05/2019"
"5ce70553b0c8341cdddda116","digitalisation","Inconnu","lnconnu","23/05/2019"
"5ce711cbb0c8341cdddda119","null","Inconnu","5ce71030b0c8341cdddda117","23/05/2019"
"5ce711d1b0c8341cdddda11a","null","Inconnu","5ce71030b0c8341cdddda117","23/05/2019"
"5ce711ddb0c8341cdddda11b","null","Électronique / Électricité","5ce71030b0c8341cdddda117","23/05/2019"
"5ce79a80b0c8341cdddda11d","Boyer","Inconnu","lnconnu","24/05/2019"
"5ce79a94b0c8341cdddda11e","DAF","Inconnu","lnconnu","24/05/2019"
"5ce7ae71b0c8341cdddda120","joelle","Inconnu","5c5971d6ea9407248fdd436c","24/05/2019"
"5ce7b344b0c8341cdddda121","ma","Inconnu","5c5971d6ea9407248fdd436c","24/05/2019"
"5ce7b358b0c8341cdddda122","mayder","Inconnu","5c5971d6ea9407248fdd436c","24/05/2019"
"5ce7b35fb0c8341cdddda123","may","Inconnu","5c5971d6ea9407248fdd436c","24/05/2019"
"5ce7b7f8b0c8341cdddda124","DAF","Inconnu","lnconnu","24/05/2019"
"5ce7c456b0c8341cdddda127","caroline walrave","Inconnu","lnconnu","24/05/2019"
"5ce80f81b0c8341cdddda131","null","Inconnu","5ce80eb8b0c8341cdddda12f","24/05/2019"
"5ce80fa5b0c8341cdddda132","null","Inconnu","5ce80eb8b0c8341cdddda12f","24/05/2019"
"5ce80faeb0c8341cdddda133","null","Commerce / Négoce / Distribution","5ce80eb8b0c8341cdddda12f","24/05/2019"
"5ce8103db0c8341cdddda134","null","Agroalimentaire / Agriculture","5ce80eb8b0c8341cdddda12f","24/05/2019"
"5ce81066b0c8341cdddda135","null","Commerce / Négoce / Distribution","5ce80eb8b0c8341cdddda12f","24/05/2019"
"5ce8106fb0c8341cdddda136","null","Commerce / Négoce / Distribution","5ce80eb8b0c8341cdddda12f","24/05/2019"
"5ce81978b0c8341cdddda137","null","Inconnu","lnconnu","24/05/2019"
"5ce81980b0c8341cdddda138","null","Industrie","lnconnu","24/05/2019"
"5ce9ad1ab0c8341cdddda139","sigalo","Inconnu","lnconnu","25/05/2019"
"5ce9ad2bb0c8341cdddda13a","sigalo","Inconnu","lnconnu","25/05/2019"
"5cea9d27b0c8341cdddda13b","null","Inconnu","lnconnu","26/05/2019"
"5ceaa0a2b0c8341cdddda13e","null","Agroalimentaire / Agriculture","5cea9da9b0c8341cdddda13c","26/05/2019"
"5ceaa23db0c8341cdddda13f","null","Transports / Logistique","5cea9da9b0c8341cdddda13c","26/05/2019"
"5ceaa24db0c8341cdddda140","null","Commerce / Négoce / Distribution","5cea9da9b0c8341cdddda13c","26/05/2019"
"5cead91ab0c8341cdddda142","mbti","Inconnu","lnconnu","26/05/2019"
"5cebc29fb0c8341cdddda148","directeur","Inconnu","lnconnu","27/05/2019"
"5cebe8b4b0c8341cdddda149","null","Informatique / Télécoms","lnconnu","27/05/2019"
"5cec0d66b0c8341cdddda150","null","Transports / Logistique","lnconnu","27/05/2019"
"5cec0d70b0c8341cdddda151","null","Transports / Logistique","lnconnu","27/05/2019"
"5cec0d83b0c8341cdddda152","null","Transports / Logistique","lnconnu","27/05/2019"
"5cec105ab0c8341cdddda153","Ressources Humaines","Inconnu","5cec0797b0c8341cdddda14a","27/05/2019"
"5cec1063b0c8341cdddda154","Ressources Humaines","Inconnu","5cec0797b0c8341cdddda14a","27/05/2019"
"5cec106ab0c8341cdddda155","Ressources Humaines","Chimie / Parachimie / Pharmacie","5cec0797b0c8341cdddda14a","27/05/2019"
"5cec107db0c8341cdddda156","Ressources Humaines","Services aux entreprises","5cec0797b0c8341cdddda14a","27/05/2019"
"5cec14f0b0c8341cdddda157","26262","Inconnu","lnconnu","27/05/2019"
"5cec14fab0c8341cdddda158","Aspice","Inconnu","lnconnu","27/05/2019"
"5cec1506b0c8341cdddda159","Automobile ","Inconnu","lnconnu","27/05/2019"
"5cec29f3b0c8341cdddda15a","evenementiel","Inconnu","lnconnu","27/05/2019"
"5cecdf6bb0c8341cdddda165","fiscalité","Inconnu","lnconnu","28/05/2019"
"5cecdf77b0c8341cdddda166","expert comptable","Inconnu","lnconnu","28/05/2019"
"5cecdf85b0c8341cdddda167","fiscaliste","Inconnu","lnconnu","28/05/2019"
"5cecdf8fb0c8341cdddda168","informaticiein","Inconnu","lnconnu","28/05/2019"
"5cecdf95b0c8341cdddda169","informaticien","Inconnu","lnconnu","28/05/2019"
"5cecdf9bb0c8341cdddda16a","informatique","Inconnu","lnconnu","28/05/2019"
"5cece1fcb0c8341cdddda16b","salesforce","Inconnu","lnconnu","28/05/2019"
"5cece205b0c8341cdddda16c","salesforce","Informatique / Télécoms","lnconnu","28/05/2019"
"5cece20db0c8341cdddda16d","salesforce","Informatique / Télécoms","lnconnu","28/05/2019"
"5cece72fb0c8341cdddda16e","agriculture","Inconnu","lnconnu","28/05/2019"
"5cece97fb0c8341cdddda16f","directeur commercial","Inconnu","lnconnu","28/05/2019"
"5cece9a1b0c8341cdddda170","finance","Inconnu","lnconnu","28/05/2019"
"5cecff35b0c8341cdddda173","null","Inconnu","lnconnu","28/05/2019"
"5cecff43b0c8341cdddda174","null","Industrie","lnconnu","28/05/2019"
"5cecff60b0c8341cdddda175","null","Machines et équipements / Automobile","lnconnu","28/05/2019"
"5cecff68b0c8341cdddda176","null","BTP / Construction","lnconnu","28/05/2019"
"5cecff7fb0c8341cdddda177","null","Commerce / Négoce / Distribution","lnconnu","28/05/2019"
"5cecffe4b0c8341cdddda178","PRUVOST","Commerce / Négoce / Distribution","lnconnu","28/05/2019"
"5ced0009b0c8341cdddda179","frederic pruvot","Commerce / Négoce / Distribution","lnconnu","28/05/2019"
"5ced000db0c8341cdddda17a","frederic pruvot","Commerce / Négoce / Distribution","lnconnu","28/05/2019"
"5ced00e0b0c8341cdddda17b","null","Santé / Social / Sport et loisirs","lnconnu","28/05/2019"
"5ced00feb0c8341cdddda17c","null","SantÃ© / Social / Sport et loisirs","lnconnu","28/05/2019"
"5ced1177b0c8341cdddda17d","immobilier","Inconnu","lnconnu","28/05/2019"
"5ced1d8eb0c8341cdddda17e","sharepoint","Inconnu","lnconnu","28/05/2019"
"5ced1d9cb0c8341cdddda17f","azure","Inconnu","lnconnu","28/05/2019"
"5ced1da4b0c8341cdddda180","office 365","Inconnu","lnconnu","28/05/2019"
"5ced52e5b0c8341cdddda182","Eric fontan","Inconnu","lnconnu","28/05/2019"
"5ced6951b0c8341cdddda187","null","Inconnu","lnconnu","28/05/2019"
"5ced695fb0c8341cdddda188","null","Ã","lnconnu","28/05/2019"
"5ced6967b0c8341cdddda189","null","Ã","lnconnu","28/05/2019"
"5ced6978b0c8341cdddda18a","null","Ã","lnconnu","28/05/2019"
"5ced6987b0c8341cdddda18b","null","Commerce / NÃ©goce / Distribution","lnconnu","28/05/2019"
"5ced6994b0c8341cdddda18c","null","Commerce / NÃ©goce / Distribution","lnconnu","28/05/2019"
"5ced69b4b0c8341cdddda18d","null","Commerce / NÃ©goce / Distribution","lnconnu","28/05/2019"
"5cede29fb0c8341cdddda195","null","Informatique / Télécoms","lnconnu","29/05/2019"
"5cede4c8b0c8341cdddda196","null","Santé / Social / Sport et loisirs","lnconnu","29/05/2019"
"5cedece4b0c8341cdddda197","null","Commerce / Négoce / Distribution","lnconnu","29/05/2019"
"5cededb8b0c8341cdddda198","null","Commerce / Négoce / Distribution","lnconnu","29/05/2019"
"5cee4bdeb0c8341cdddda19f","Ingenierie ","Inconnu","lnconnu","29/05/2019"
"5cee89f3b0c8341cdddda1a0","marketing","Inconnu","lnconnu","29/05/2019"
"5cee8a0ab0c8341cdddda1a1","marketing","Inconnu","lnconnu","29/05/2019"
"5cee8a20b0c8341cdddda1a2","marketing","Inconnu","lnconnu","29/05/2019"
"5ceeab43b0c8341cdddda1a3","eric fontan","Inconnu","lnconnu","29/05/2019"
"5ceeab68b0c8341cdddda1a4","frederic pruvot","Inconnu","lnconnu","29/05/2019"
"5ceec1a1b0c8341cdddda1a5","responsable service clients","Inconnu","lnconnu","29/05/2019"
"5ceec1deb0c8341cdddda1a6","responsable administration des ventes","Inconnu","lnconnu","29/05/2019"
"5ceeeb9eb0c8341cdddda1a7","Communication","Inconnu","lnconnu","29/05/2019"
"5cef7a56b0c8341cdddda1a8","null","Études et conseils","lnconnu","30/05/2019"
"5cef7ab0b0c8341cdddda1a9","null","Enseignement / Recherche / Formation","lnconnu","30/05/2019"
"5cef7addb0c8341cdddda1aa","null","Énergies / Environnement","lnconnu","30/05/2019"
"5cef7af0b0c8341cdddda1ab","null","Textile / Habillement / Chaussure","lnconnu","30/05/2019"
"5cefee5fb0c8341cdddda1ac","directeur industriel bordeaux","Inconnu","5ca1c1fcd10aab0a4c954def","30/05/2019"
"5cefeefbb0c8341cdddda1ad","directeur usine","Inconnu","5ca1c1fcd10aab0a4c954def","30/05/2019"
"5cf04109b0c8341cdddda1ae","Finance ","Inconnu","lnconnu","30/05/2019"
"5cf04132b0c8341cdddda1af","Finance ","Inconnu","lnconnu","30/05/2019"
"5cf04136b0c8341cdddda1b0","Finance ","Inconnu","lnconnu","30/05/2019"
"5cf0413cb0c8341cdddda1b1","Finance ","Inconnu","lnconnu","30/05/2019"
"5cf04149b0c8341cdddda1b2","null","Inconnu","lnconnu","30/05/2019"
"5cf0dea1b0c8341cdddda1b3","commerc","Inconnu","5ba1004a48b26d4df25496f1","31/05/2019"
"5cf1392cb0c8341cdddda1b9","financ","Inconnu","5ba1004a48b26d4df25496f1","31/05/2019"
"5cf4e1b0b0c8341cdddda1c4","null","Inconnu","5ba1004a48b26d4df25496f1","03/06/2019"
"5cf4e1cfb0c8341cdddda1c5","DAF","Inconnu","5ba1004a48b26d4df25496f1","03/06/2019"
"5cf4e1d5b0c8341cdddda1c6","DAF","Inconnu","5ba1004a48b26d4df25496f1","03/06/2019"
"5cf4e1e1b0c8341cdddda1c7","DAF","Inconnu","5ba1004a48b26d4df25496f1","03/06/2019"
"5cf4f5d4b0c8341cdddda1ca","null","Inconnu","5ce80eb8b0c8341cdddda12f","03/06/2019"
"5cf4f5d8b0c8341cdddda1cb","null","Inconnu","5ce80eb8b0c8341cdddda12f","03/06/2019"
"5cf4f5e1b0c8341cdddda1cc","null","Commerce / Négoce / Distribution","5ce80eb8b0c8341cdddda12f","03/06/2019"
"5cf4f5eab0c8341cdddda1cd","null","Inconnu","5ce80eb8b0c8341cdddda12f","03/06/2019"
"5cf4f5eeb0c8341cdddda1ce","null","Commerce / Négoce / Distribution","5ce80eb8b0c8341cdddda12f","03/06/2019"
"5cf4f5fdb0c8341cdddda1cf","null","Agroalimentaire / Agriculture","5ce80eb8b0c8341cdddda12f","03/06/2019"
"5cf5057fb0c8341cdddda1d2","assistante de direction","Inconnu","5c952900dee03a5fd72440f9","03/06/2019"
"5cf50cf1b0c8341cdddda1d3","marketing","Inconnu","lnconnu","03/06/2019"
"5cf50d01b0c8341cdddda1d4","marketing","Inconnu","lnconnu","03/06/2019"
"5cf50d0bb0c8341cdddda1d5","null","Inconnu","lnconnu","03/06/2019"
"5cf50d12b0c8341cdddda1d6","null","Inconnu","lnconnu","03/06/2019"
"5cf56463b0c8341cdddda1d7","Communication ","Inconnu","lnconnu","03/06/2019"
"5cf621b5b0c8341cdddda1da","null","Édition / Communication / Information","5cf4fbbfb0c8341cdddda1d0","04/06/2019"
"5cf63d54b0c8341cdddda1db","dsq","Inconnu","lnconnu","04/06/2019"
"5cf63dfbb0c8341cdddda1dc","comptabilite","Inconnu","lnconnu","04/06/2019"
"5cf67055b0c8341cdddda1dd","DAF","Inconnu","5ba1004a48b26d4df25496f1","04/06/2019"
"5cf68f2db0c8341cdddda1df","null","Inconnu","5ce80eb8b0c8341cdddda12f","04/06/2019"
"5cf68f31b0c8341cdddda1e0","null","Agroalimentaire / Agriculture","5ce80eb8b0c8341cdddda12f","04/06/2019"
"5cf68f36b0c8341cdddda1e1","null","Commerce / Négoce / Distribution","5ce80eb8b0c8341cdddda12f","04/06/2019"
"5cf6cfa2b0c8341cdddda1e9","christian","Inconnu","lnconnu","04/06/2019"
"5cf6d027b0c8341cdddda1ea","christian","Inconnu","5c5971d6ea9407248fdd436c","04/06/2019"
"5cf7484eb0c8341cdddda1eb","secrétariat","Inconnu","lnconnu","05/06/2019"
"5cf74868b0c8341cdddda1ec","secrétariat","Inconnu","lnconnu","05/06/2019"
"5cf748acb0c8341cdddda1ed","secrétariat","Hôtellerie / Restauration / Tourisme","lnconnu","05/06/2019"
"5cf748cab0c8341cdddda1ee","secrétariat","Services aux entreprises","lnconnu","05/06/2019"
"5cf748dfb0c8341cdddda1ef","secrétariat","Études et conseils","lnconnu","05/06/2019"
"5cf77357b0c8341cdddda1f0","Qualité ","Inconnu","lnconnu","05/06/2019"
"5cf77363b0c8341cdddda1f1","Qualité ","Inconnu","lnconnu","05/06/2019"
"5cf77377b0c8341cdddda1f2","Qualité ","Transports / Logistique","lnconnu","05/06/2019"
"5cf77395b0c8341cdddda1f3","Qualité ","Transports / Logistique","lnconnu","05/06/2019"
"5cf7be18b0c8341cdddda1f6","null","Édition / Communication / Information","lnconnu","05/06/2019"
"5cf7ee9cb0c8341cdddda1fb","IMMOBILIER","Inconnu","lnconnu","05/06/2019"
"5cf7eec9b0c8341cdddda1fc","agence immobilière","Inconnu","lnconnu","05/06/2019"
"5cf7ef29b0c8341cdddda1fd","gestion immobilière","Inconnu","lnconnu","05/06/2019"
"5cf8168eb0c8341cdddda1fe","Ressources humaines","Inconnu","lnconnu","05/06/2019"
"5cf81696b0c8341cdddda1ff","Ressources humaines","Inconnu","lnconnu","05/06/2019"
"5cf89d05b0c8341cdddda200","evenementiel","Inconnu","lnconnu","06/06/2019"
"5cf8ceb9b0c8341cdddda203","null","Édition / Communication / Information","lnconnu","06/06/2019"
"5cf91724b0c8341cdddda210","null","Santé / Social / Sport et loisirs","lnconnu","06/06/2019"
"5cf92077b0c8341cdddda211","null","Édition / Communication / Information","lnconnu","06/06/2019"
"5cf922e1b0c8341cdddda212","null","Services aux entreprises","lnconnu","06/06/2019"
"5cf96291b0c8341cdddda21a","néerlandais","Inconnu","lnconnu","06/06/2019"
"5cf96353b0c8341cdddda21b","néerlandais","Inconnu","5cf8d6c2b0c8341cdddda204","06/06/2019"
"5cf96c2eb0c8341cdddda21c","null","Inconnu","lnconnu","06/06/2019"
"5cf96c52b0c8341cdddda21d","null","Inconnu","lnconnu","06/06/2019"
"5cf96c5cb0c8341cdddda21e","null","Agroalimentaire / Agriculture","lnconnu","06/06/2019"
"5cf96c60b0c8341cdddda21f","null","Agroalimentaire / Agriculture","lnconnu","06/06/2019"
"5cfa6289b0c8341cdddda222","dider","Inconnu","lnconnu","07/06/2019"
"5cfa6290b0c8341cdddda223","didier","Inconnu","lnconnu","07/06/2019"
"5cfa62c3b0c8341cdddda224","didier","Inconnu","5ba1004a48b26d4df25496f1","07/06/2019"
"5cfa63f5b0c8341cdddda225","robicqu","Inconnu","5ba1004a48b26d4df25496f1","07/06/2019"
"5cfa63fab0c8341cdddda226","christophe","Inconnu","5ba1004a48b26d4df25496f1","07/06/2019"
"5cfa6743b0c8341cdddda227","christophe","Inconnu","5ba1004a48b26d4df25496f1","07/06/2019"
"5cfa6764b0c8341cdddda228","christophe","Inconnu","5ba1004a48b26d4df25496f1","07/06/2019"
"5cfa6772b0c8341cdddda229","christophe","Inconnu","5ba1004a48b26d4df25496f1","07/06/2019"
"5cfa677bb0c8341cdddda22a","christophe","Inconnu","5ba1004a48b26d4df25496f1","07/06/2019"
"5cfa677fb0c8341cdddda22b","null","Inconnu","5ba1004a48b26d4df25496f1","07/06/2019"
"5cfa67a1b0c8341cdddda22c","null","Inconnu","5ba1004a48b26d4df25496f1","07/06/2019"
"5cfa6f18b0c8341cdddda22d","agroalimentaire","Inconnu","lnconnu","07/06/2019"
"5cfa78d8b0c8341cdddda233","agriculture","Inconnu","lnconnu","07/06/2019"
"5cfc7c6bfd26e33243bc5f49","null","Édition / Communication / Information","lnconnu","09/06/2019"
"5cfcb65bfd26e33243bc5f4a","Stratégie ","Inconnu","lnconnu","09/06/2019"
"5cfcb68ffd26e33243bc5f4b","Stratégie ","Inconnu","lnconnu","09/06/2019"
"5cfcb69afd26e33243bc5f4c","Stratégie ","BTP / Construction","lnconnu","09/06/2019"
"5cff7c2afd26e33243bc5f54","null","Inconnu","5ba1004a48b26d4df25496f1","11/06/2019"
"5cff7c49fd26e33243bc5f55","null","Inconnu","5ba1004a48b26d4df25496f1","11/06/2019"
"5cff7c64fd26e33243bc5f56","null","Inconnu","5ba1004a48b26d4df25496f1","11/06/2019"
"5cff9566fd26e33243bc5f59","comptabilité","Inconnu","lnconnu","11/06/2019"
"5cffa03cfd26e33243bc5f5a","null","Informatique / Télécoms","5c5971d6ea9407248fdd436c","11/06/2019"
"5cffa94efd26e33243bc5f5b","lyon","Inconnu","lnconnu","11/06/2019"
"5cffa977fd26e33243bc5f5c","lyon","Inconnu","lnconnu","11/06/2019"
"5cffb4e3fd26e33243bc5f5d","fiscalité","Inconnu","lnconnu","11/06/2019"
"5cffb4f2fd26e33243bc5f5e","finance","Inconnu","lnconnu","11/06/2019"
"5cffb52dfd26e33243bc5f5f","commerce","Inconnu","lnconnu","11/06/2019"
"5cffb55afd26e33243bc5f60","muriel","Inconnu","lnconnu","11/06/2019"
"5cffb622fd26e33243bc5f61","guillaume","Inconnu","lnconnu","11/06/2019"
"5d00aa28fd26e33243bc5f65","commercial","Inconnu","lnconnu","12/06/2019"
"5d00aa39fd26e33243bc5f66","commercial chris","Inconnu","lnconnu","12/06/2019"
"5d00aa3efd26e33243bc5f67","commercial christophe","Inconnu","lnconnu","12/06/2019"
"5d00aa4afd26e33243bc5f68","commercial christophe","Inconnu","lnconnu","12/06/2019"
"5d00af8efd26e33243bc5f69","daf","Inconnu","lnconnu","12/06/2019"
"5d00b015fd26e33243bc5f6c","daf","Inconnu","5d00afe3fd26e33243bc5f6a","12/06/2019"
"5d00b680fd26e33243bc5f6d","daf","Inconnu","5d00afe3fd26e33243bc5f6a","12/06/2019"
"5d00b693fd26e33243bc5f6e","informatique","Inconnu","5d00afe3fd26e33243bc5f6a","12/06/2019"
"5d00b8fbfd26e33243bc5f71","marketing","Inconnu","5d00b897fd26e33243bc5f6f","12/06/2019"
"5d00bb4efd26e33243bc5f72","qualite","Inconnu","5cdc098444870d61541d68b3","12/06/2019"
"5d00d291fd26e33243bc5f75","web master","Inconnu","lnconnu","12/06/2019"
"5d00ebeffd26e33243bc5f78","daf","Inconnu","lnconnu","12/06/2019"
"5d00ffcdfd26e33243bc5f7b","null","Commerce / Négoce / Distribution","lnconnu","12/06/2019"
"5d011c29fd26e33243bc5f7c","null","Enseignement / Recherche / Formation","lnconnu","12/06/2019"
"5d011c41fd26e33243bc5f7d","null","Énergies / Environnement","lnconnu","12/06/2019"
"5d0121f3fd26e33243bc5f7e","strategie","Inconnu","5c4afae2c4c39323bc6a57b0","12/06/2019"
"5d01266cfd26e33243bc5f7f","bilingue","Inconnu","lnconnu","12/06/2019"
"5d01269dfd26e33243bc5f80","bilingue","Inconnu","5cf8d6c2b0c8341cdddda204","12/06/2019"
"5d012f26fd26e33243bc5f81","marketing","Inconnu","lnconnu","12/06/2019"
"5d0139f9fd26e33243bc5f82","Chausures","Inconnu","lnconnu","12/06/2019"
"5d013a04fd26e33243bc5f83","Chaussures","Inconnu","lnconnu","12/06/2019"
"5d013a14fd26e33243bc5f84","Chaussures","Inconnu","lnconnu","12/06/2019"
"5d013a1ffd26e33243bc5f85","Chaussures","Textile / Habillement / Chaussure","lnconnu","12/06/2019"
"5d01532cfd26e33243bc5f86","null","Informatique / Télécoms","lnconnu","12/06/2019"
"5d0212edfd26e33243bc5f87","ACHATS","Inconnu","lnconnu","13/06/2019"
"5d0248f7fd26e33243bc5f8b","veronique","Inconnu","5c5971d6ea9407248fdd436c","13/06/2019"
"5d0248fdfd26e33243bc5f8c","murielle","Inconnu","5c5971d6ea9407248fdd436c","13/06/2019"
"5d024904fd26e33243bc5f8d","muriel","Inconnu","5c5971d6ea9407248fdd436c","13/06/2019"
"5d025626fd26e33243bc5f93","immobilier ","Inconnu","5ba1004a48b26d4df25496f1","13/06/2019"
"5d025638fd26e33243bc5f94","immo","Inconnu","5ba1004a48b26d4df25496f1","13/06/2019"
"5d0256a3fd26e33243bc5f95","null","Agroalimentaire / Agriculture","lnconnu","13/06/2019"
"5d025877fd26e33243bc5f98","null","Agroalimentaire / Agriculture","5d025858fd26e33243bc5f96","13/06/2019"
"5d025ba4fd26e33243bc5f9a","null","Agroalimentaire / Agriculture","5d025858fd26e33243bc5f96","13/06/2019"
"5d036633fd26e33243bc5f9d","communication","Inconnu","5cf8d6c2b0c8341cdddda204","14/06/2019"
"5d036963fd26e33243bc5f9e","marketing","Inconnu","5cf8d6c2b0c8341cdddda204","14/06/2019"
"5d0369b1fd26e33243bc5f9f","communication","Inconnu","5cf8d6c2b0c8341cdddda204","14/06/2019"
"5d036a8bfd26e33243bc5fa0","communication","BTP / Construction","5cf8d6c2b0c8341cdddda204","14/06/2019"
"5d03a344fd26e33243bc5fa1","bitcoin","Inconnu","lnconnu","14/06/2019"
"5d03a34dfd26e33243bc5fa2","erp","Inconnu","lnconnu","14/06/2019"
"5d03a367fd26e33243bc5fa3","erp","BTP / Construction","lnconnu","14/06/2019"
"5d03a36efd26e33243bc5fa4","erp","Électronique / Électricité","lnconnu","14/06/2019"
"5d03a372fd26e33243bc5fa5","erp","Inconnu","lnconnu","14/06/2019"
"5d03a4e4fd26e33243bc5fa6","viticulture","Inconnu","lnconnu","14/06/2019"
"5d03a5e1fd26e33243bc5fa7","architecte","Inconnu","lnconnu","14/06/2019"
"5d03a6c0fd26e33243bc5fa8","null","Inconnu","lnconnu","14/06/2019"
"5d03a6cafd26e33243bc5fa9","null","Commerce / Négoce / Distribution","lnconnu","14/06/2019"
"5d03a7aafd26e33243bc5faa","daf","Inconnu","lnconnu","14/06/2019"
"5d03a8e7fd26e33243bc5fab","fleuriste","Inconnu","lnconnu","14/06/2019"
"5d03a8eefd26e33243bc5fac","ergonome","Inconnu","lnconnu","14/06/2019"
"5d03a8f9fd26e33243bc5fad","ergonome","BTP / Construction","lnconnu","14/06/2019"
"5d03a900fd26e33243bc5fae","ergonome","Architecture / Paysage / Urbanisme","lnconnu","14/06/2019"
"5d03a905fd26e33243bc5faf","ergonome","Arts / Artisanat / Culture","lnconnu","14/06/2019"
"5d03a90bfd26e33243bc5fb0","null","Arts / Artisanat / Culture","lnconnu","14/06/2019"
"5d03a911fd26e33243bc5fb1","null","BTP / Construction","lnconnu","14/06/2019"
"5d03be42fd26e33243bc5fb4","projet","Inconnu","lnconnu","14/06/2019"
"5d03be81fd26e33243bc5fb5","null","Inconnu","5ba1004a48b26d4df25496f1","14/06/2019"
"5d03d0b3fd26e33243bc5fb6","commerce","Inconnu","5cf137f6b0c8341cdddda1b7","14/06/2019"
"5d03d128fd26e33243bc5fb7","commerce","Inconnu","5cf137f6b0c8341cdddda1b7","14/06/2019"
"5d03f2e1fd26e33243bc5fb8","EMBOUTISSAGE","Inconnu","lnconnu","14/06/2019"
"5d0681f0fd26e33243bc5fbf","Voyance ","Inconnu","lnconnu","16/06/2019"
"5d07598ffd26e33243bc5fc8","gerard","Inconnu","lnconnu","17/06/2019"
"5d076f64fd26e33243bc5fcb","directeur financier","Inconnu","5cdd806a44870d61541d68c1","17/06/2019"
"5d07700efd26e33243bc5fcc","sophie genon","Inconnu","5cdd806a44870d61541d68c1","17/06/2019"
"5d077026fd26e33243bc5fcd","directeur financier","Inconnu","5cdd806a44870d61541d68c1","17/06/2019"
"5d078de4fd26e33243bc5fce","sophie","Inconnu","5ba1004a48b26d4df25496f1","17/06/2019"
"5d078f97fd26e33243bc5fd0","sophie ","Inconnu","5c5971d6ea9407248fdd436c","17/06/2019"
"5d07bc7cfd26e33243bc5fd1","Macramé ","Inconnu","lnconnu","17/06/2019"
"5d07bd0efd26e33243bc5fd2","null","Études et conseils","lnconnu","17/06/2019"
"5d07c1ecfd26e33243bc5fd3","Sophie","Inconnu","lnconnu","17/06/2019"
"5d07c29efd26e33243bc5fd4","Sophie","Inconnu","5cdd806a44870d61541d68c1","17/06/2019"
"5d088b67fd26e33243bc5fd5","Stratégie commerciale","Inconnu","lnconnu","18/06/2019"
"5d088b76fd26e33243bc5fd6","Stratégie commerciale","Inconnu","lnconnu","18/06/2019"
"5d08b87bfd26e33243bc5fd7","management","Inconnu","5ba1004a48b26d4df25496f1","18/06/2019"
"5d08c929fd26e33243bc5fd8","direction générale","Inconnu","5ba1004a48b26d4df25496f1","18/06/2019"
"5d08d7b9fd26e33243bc5fd9","null","Études et conseils","lnconnu","18/06/2019"
"5d08dac9fd26e33243bc5fda","commerce","Inconnu","lnconnu","18/06/2019"
"5d08e754fd26e33243bc5fdb","sophie","Inconnu","5cdd806a44870d61541d68c1","18/06/2019"
"5d09130efd26e33243bc5fdc","jean marc","Inconnu","5ba1004a48b26d4df25496f1","18/06/2019"
"5d0a0e95fd26e33243bc5fe1","Comptable","Inconnu","lnconnu","19/06/2019"
"5d0a14f1fd26e33243bc5fe2","Stratégie ","Inconnu","lnconnu","19/06/2019"
"5d0a246dfd26e33243bc5fe3","Stratégie ","Inconnu","lnconnu","19/06/2019"
"5d0a2b2dfd26e33243bc5fe4","commercial","Inconnu","lnconnu","19/06/2019"
"5d0a3064fd26e33243bc5fe5","développement commerciale","Inconnu","lnconnu","19/06/2019"
"5d0a4c6ffd26e33243bc5fe8","pierre","Inconnu","5ba1004a48b26d4df25496f1","19/06/2019"
"5d0a5e3efd26e33243bc5fe9","comptabilité","Inconnu","lnconnu","19/06/2019"
"5d0a60cffd26e33243bc5fea","null","Inconnu","lnconnu","19/06/2019"
"5d0a60d9fd26e33243bc5feb","null","Commerce / Négoce / Distribution","lnconnu","19/06/2019"
"5d0b1900fd26e33243bc5fec","retail","Inconnu","lnconnu","20/06/2019"
"5d0b1927fd26e33243bc5fed","developpement commercial","Inconnu","lnconnu","20/06/2019"
"5d0b6a65fd26e33243bc5fee","Finance ","Inconnu","5ce6626cb0c8341cdddda0e8","20/06/2019"
"5d0b6abafd26e33243bc5fef","Digital ","Inconnu","5ce6626cb0c8341cdddda0e8","20/06/2019"
"5d0b6ad4fd26e33243bc5ff0","Murielle ","Inconnu","5ce6626cb0c8341cdddda0e8","20/06/2019"
"5d0b6addfd26e33243bc5ff1","Muriel","Inconnu","5ce6626cb0c8341cdddda0e8","20/06/2019"
"5d0b7a4cfd26e33243bc5ff2","null","Inconnu","5ce6626cb0c8341cdddda0e8","20/06/2019"
"5d0b7d19fd26e33243bc5ff3","DAF","Inconnu","5ba1004a48b26d4df25496f1","20/06/2019"
"5d0b7d1ffd26e33243bc5ff4","finance","Inconnu","5ba1004a48b26d4df25496f1","20/06/2019"
"5d0b7e17fd26e33243bc5ff5","Bertrand L","Inconnu","5ce6626cb0c8341cdddda0e8","20/06/2019"
"5d0b7f14fd26e33243bc5ff6","referencement","Inconnu","5ce6626cb0c8341cdddda0e8","20/06/2019"
"5d0b7f30fd26e33243bc5ff7","e commerce","Inconnu","5ce6626cb0c8341cdddda0e8","20/06/2019"
"5d0b8010fd26e33243bc5ff8","excel","Inconnu","5ce6626cb0c8341cdddda0e8","20/06/2019"
"5d0c04bdfd26e33243bc5ffb","null","Études et conseils","lnconnu","20/06/2019"
"5d0cdebdfd26e33243bc5ffe","contrôle de gestion","Inconnu","lnconnu","21/06/2019"
"5d0cdec9fd26e33243bc5fff","contrôle de gestion","Inconnu","lnconnu","21/06/2019"
"5d0cdecdfd26e33243bc6000","contrôle de gestion","Inconnu","lnconnu","21/06/2019"
"5d0ddb27fd26e33243bc6006","caroline dumond","Inconnu","lnconnu","22/06/2019"
"5d0e4473fd26e33243bc6007","Direction générale ","Inconnu","lnconnu","22/06/2019"
"5d0e4474fd26e33243bc6008","Direction générale ","Inconnu","lnconnu","22/06/2019"
"5d0e44b9fd26e33243bc6009","Conseils  ","Inconnu","lnconnu","22/06/2019"
"5d0e44d3fd26e33243bc600a","Insertion ","Inconnu","lnconnu","22/06/2019"
"5d0e44f7fd26e33243bc600b","Développement économique ","Inconnu","lnconnu","22/06/2019"
"5d0e453ffd26e33243bc600c","Développement économique ","Inconnu","lnconnu","22/06/2019"
"5d0e4541fd26e33243bc600d","Développement économique ","Inconnu","lnconnu","22/06/2019"
"5d0f9cb2fd26e33243bc600e","null","Hôtellerie / Restauration / Tourisme","lnconnu","23/06/2019"
"5d10d20e32156a7c583daee7","dsi","Inconnu","5d10d15632156a7c583daee5","24/06/2019"
"5d10d28e32156a7c583daee8","bitcoin","Inconnu","5d10d15632156a7c583daee5","24/06/2019"
"5d10d29c32156a7c583daee9","direction commerciale","Inconnu","5d10d15632156a7c583daee5","24/06/2019"
"5d10d2be32156a7c583daeea","direction commerciale","Inconnu","5d10d15632156a7c583daee5","24/06/2019"
"5d10d2c232156a7c583daeeb","direction commerciale","Inconnu","5d10d15632156a7c583daee5","24/06/2019"
"5d10d2cc32156a7c583daeec","direction commerciale","Électronique / Électricité","5d10d15632156a7c583daee5","24/06/2019"
"5d10d2ce32156a7c583daeed","direction commerciale","Électronique / Électricité","5d10d15632156a7c583daee5","24/06/2019"
"5d10d2d132156a7c583daeee","direction commerciale","BTP / Construction","5d10d15632156a7c583daee5","24/06/2019"
"5d10d2d832156a7c583daeef","direction commerciale","Architecture / Paysage / Urbanisme","5d10d15632156a7c583daee5","24/06/2019"
"5d10d2db32156a7c583daef0","direction commerciale","Énergies / Environnement","5d10d15632156a7c583daee5","24/06/2019"
"5d10d2e232156a7c583daef1","direction commerciale","Transports / Logistique","5d10d15632156a7c583daee5","24/06/2019"
"5d10d2e932156a7c583daef2","direction commerciale","Inconnu","5d10d15632156a7c583daee5","24/06/2019"
"5d10d37532156a7c583daef3","direction commerciale","Transports / Logistique","5d10d15632156a7c583daee5","24/06/2019"
"5d10d38432156a7c583daef4","direction commerciale","Agroalimentaire / Agriculture","5d10d15632156a7c583daee5","24/06/2019"
"5d10d3d032156a7c583daef5","croissance externe","Inconnu","5d10d15632156a7c583daee5","24/06/2019"
"5d10e25d32156a7c583daef6","daf","Inconnu","lnconnu","24/06/2019"
"5d10e99e32156a7c583daef7","Développeurs","Inconnu","lnconnu","24/06/2019"
"5d118f2132156a7c583daef8","Communication ","Inconnu","lnconnu","25/06/2019"
"5d118f2232156a7c583daef9","Communication ","Inconnu","lnconnu","25/06/2019"
"5d118fc532156a7c583daefa","Événementiel","Inconnu","lnconnu","25/06/2019"
"5d11d40432156a7c583daefd","null","Inconnu","5d11d3d032156a7c583daefb","25/06/2019"
"5d11d40a32156a7c583daefe","null","Chimie / Parachimie / Pharmacie","5d11d3d032156a7c583daefb","25/06/2019"
"5d11d65832156a7c583daeff","null","Inconnu","5d11d3d032156a7c583daefb","25/06/2019"
"5d11d65e32156a7c583daf00","null","Chimie / Parachimie / Pharmacie","5d11d3d032156a7c583daefb","25/06/2019"
"5d11ef4432156a7c583daf03","null","Inconnu","lnconnu","25/06/2019"
"5d11ef5832156a7c583daf04","null","Métallurgie / Travail du métal","lnconnu","25/06/2019"
"5d11ef6432156a7c583daf05","null","Agroalimentaire / Agriculture","lnconnu","25/06/2019"
"5d11ef7732156a7c583daf06","null","Agroalimentaire / Agriculture","lnconnu","25/06/2019"
"5d11ef8932156a7c583daf07","null","Agroalimentaire / Agriculture","lnconnu","25/06/2019"
"5d11f00432156a7c583daf08","null","Études et conseils","lnconnu","25/06/2019"
"5d1221f132156a7c583daf0b","stratégie commerciale","Inconnu","5d12215a32156a7c583daf09","25/06/2019"
"5d12222532156a7c583daf0c","stratégie commerciale ","Inconnu","5d12215a32156a7c583daf09","25/06/2019"
"5d12223b32156a7c583daf0d","stratégie commerciale bien être","Inconnu","5d12215a32156a7c583daf09","25/06/2019"
"5d12225f32156a7c583daf0e","stratégie commerciale","Inconnu","5d12215a32156a7c583daf09","25/06/2019"
"5d122c692ddad25407871736","stratégie commerciale bien être","Inconnu","5d12215a32156a7c583daf09","25/06/2019"
"5d122cb72ddad25407871737","bien être","Inconnu","5d12215a32156a7c583daf09","25/06/2019"
"5d122cc92ddad25407871738","bien être commercial","Inconnu","5d12215a32156a7c583daf09","25/06/2019"
"5d1235032ddad25407871739","commercial","Inconnu","lnconnu","25/06/2019"
"5d12350e2ddad2540787173a","commercial bien être","Inconnu","lnconnu","25/06/2019"
"5d123ce12ddad2540787173b","commercial directeur","Inconnu","lnconnu","25/06/2019"
"5d123d002ddad2540787173c","directeur","Inconnu","lnconnu","25/06/2019"
"5d124fc72ddad2540787173f","directeur commercial","Inconnu","lnconnu","25/06/2019"
"5d12505c2ddad25407871740","RH","Inconnu","lnconnu","25/06/2019"
"5d1250632ddad25407871741","Ressources Humaines","Inconnu","lnconnu","25/06/2019"
"5d12511a2ddad25407871742","directeur commercial","Inconnu","lnconnu","25/06/2019"
"5d125ada2ddad25407871743","directeur commercial","Inconnu","lnconnu","25/06/2019"
"5d125b0c2ddad25407871744","Directeur Commercialm","Inconnu","lnconnu","25/06/2019"
"5d125b122ddad25407871745","Directeur Commercial","Inconnu","lnconnu","25/06/2019"
"5d125b432ddad25407871746","Ressources Humaines","Inconnu","lnconnu","25/06/2019"
"5d1330cb2ddad25407871747","Eh","Inconnu","lnconnu","26/06/2019"
"5d1330d22ddad25407871748","RH","Inconnu","lnconnu","26/06/2019"
"5d1330d62ddad25407871749","RH","Inconnu","lnconnu","26/06/2019"
"5d1331712ddad2540787174a","null","Inconnu","lnconnu","26/06/2019"
"5d1331ca2ddad2540787174b","null","Banque / Assurance","lnconnu","26/06/2019"
"5d1331ec2ddad2540787174c","null","Santé / Social / Sport et loisirs","lnconnu","26/06/2019"
"5d1334d42ddad2540787174d","COMMERCIAL","Inconnu","lnconnu","26/06/2019"
"5d1384022ddad25407871757","tbs","Inconnu","5ba1004a48b26d4df25496f1","26/06/2019"
"5d1393692ddad25407871759","guillaume mouzer","Inconnu","5d00afe3fd26e33243bc5f6a","26/06/2019"
"5d13936e2ddad2540787175a","guillaume mouzet","Inconnu","5d00afe3fd26e33243bc5f6a","26/06/2019"
"5d1393752ddad2540787175b","directeur commercial","Inconnu","5d00afe3fd26e33243bc5f6a","26/06/2019"
"5d13945b2ddad2540787175c","rrh","Inconnu","5d00afe3fd26e33243bc5f6a","26/06/2019"
"5d13d5f22ddad25407871760","Finance","Inconnu","lnconnu","26/06/2019"
"5d146e122ddad25407871764","larrat","Inconnu","lnconnu","27/06/2019"
"5d146e222ddad25407871765","larat","Inconnu","lnconnu","27/06/2019"
"5d146e302ddad25407871766","larrat","Inconnu","lnconnu","27/06/2019"
"5d147be42ddad25407871768","null","Enseignement / Recherche / Formation","lnconnu","27/06/2019"
"5d147bf22ddad25407871769","larrat","Enseignement / Recherche / Formation","lnconnu","27/06/2019"
"5d147bf32ddad2540787176a","larrat","Inconnu","lnconnu","27/06/2019"
"5d147c062ddad2540787176b","Larrat","Inconnu","lnconnu","27/06/2019"
"5d147c202ddad2540787176c","Pierre Larrat","Inconnu","lnconnu","27/06/2019"
"5d1482112ddad2540787176f","comptabilité","Inconnu","5d1480e32ddad2540787176d","27/06/2019"
"5d1488be2ddad25407871771","RH","Inconnu","5ba1004a48b26d4df25496f1","27/06/2019"
"5d1488c52ddad25407871772","ressources","Inconnu","5ba1004a48b26d4df25496f1","27/06/2019"
"5d1499ab2ddad25407871773","sophie","Inconnu","5cdd806a44870d61541d68c1","27/06/2019"
"5d14bd6f2ddad25407871774","traitement eaux","Inconnu","lnconnu","27/06/2019"
"5d14cb0c2ddad25407871775","testeur","Inconnu","lnconnu","27/06/2019"
"5d14e0ea2ddad25407871776","null","Études et conseils","lnconnu","27/06/2019"
"5d14e1522ddad25407871777","null","Commerce / Négoce / Distribution","lnconnu","27/06/2019"
"5d15e5212ddad25407871778","jerome","Inconnu","5ba1004a48b26d4df25496f1","28/06/2019"
"5d15e5c22ddad25407871779","sabine ","Inconnu","5ba1004a48b26d4df25496f1","28/06/2019"
"5d15e5df2ddad2540787177a","Philippe","Inconnu","5ba1004a48b26d4df25496f1","28/06/2019"
"5d1606512ddad2540787177b","michel","Inconnu","5cdd806a44870d61541d68c1","28/06/2019"
"5d163dc82ddad2540787177c","contract manager","Inconnu","lnconnu","28/06/2019"
"5d187fc42ddad2540787177f","audiovisuel","Inconnu","5d1645502ddad2540787177d","30/06/2019"
"5d187fd32ddad25407871780","audiovisuel","Édition / Communication / Information","5d1645502ddad2540787177d","30/06/2019"
"5d187fe02ddad25407871781","audiovisuel","Édition / Communication / Information","5d1645502ddad2540787177d","30/06/2019"
"5d187fec2ddad25407871782","null","Édition / Communication / Information","5d1645502ddad2540787177d","30/06/2019"
"5d1880792ddad25407871783","communication","Inconnu","5d1645502ddad2540787177d","30/06/2019"
"5d1a051f2ddad25407871786","marcel","Inconnu","5c5971d6ea9407248fdd436c","01/07/2019"
"5d1a05352ddad25407871787","philip","Inconnu","5c5971d6ea9407248fdd436c","01/07/2019"
"5d1a0b832ddad25407871788","phillipe","Inconnu","5c5971d6ea9407248fdd436c","01/07/2019"
"5d1a0b882ddad25407871789","philippe","Inconnu","5c5971d6ea9407248fdd436c","01/07/2019"
"5d1a1c3a2ddad2540787178a","philippe","Inconnu","5c5971d6ea9407248fdd436c","01/07/2019"
"5d1a1c7d2ddad2540787178b","sport","Inconnu","5c5971d6ea9407248fdd436c","01/07/2019"
"5d1a2c972ddad2540787178e","marketing","Inconnu","lnconnu","01/07/2019"
"5d1a2cc52ddad2540787178f","strategie","Inconnu","lnconnu","01/07/2019"
"5d1a32412ddad25407871790","RESPONSABLE COMMERCIAL","Inconnu","lnconnu","01/07/2019"
"5d1b17772ddad25407871792","null","Inconnu","lnconnu","02/07/2019"
"5d1b17d92ddad25407871793","null","Services aux entreprises","lnconnu","02/07/2019"
"5d1b17f92ddad25407871794","null","Inconnu","lnconnu","02/07/2019"
"5d1b18652ddad25407871795","null","Inconnu","lnconnu","02/07/2019"
"5d1b188d2ddad25407871796","null","Services aux entreprises","lnconnu","02/07/2019"
"5d1b21ba2ddad25407871797","sport","Inconnu","5ba1004a48b26d4df25496f1","02/07/2019"
"5d1b21bc2ddad25407871798","sport","Inconnu","5ba1004a48b26d4df25496f1","02/07/2019"
"5d1b571a2ddad254078717a8","null","Inconnu","5cd3f48944870d61541d6890","02/07/2019"
"5d1b57242ddad254078717a9","null","Informatique / Télécoms","5cd3f48944870d61541d6890","02/07/2019"
"5d1b613b2ddad254078717aa","null","Bois / Papier / Carton","lnconnu","02/07/2019"
"5d1b615b2ddad254078717ab","null","Édition / Communication / Information","lnconnu","02/07/2019"
"5d1b62352ddad254078717ac","textoris","Inconnu","5d1b25362ddad25407871799","02/07/2019"
"5d1b623a2ddad254078717ad","textoris","Inconnu","5d1b25362ddad25407871799","02/07/2019"
"5d1b71b22ddad254078717b0","communication grand public","Inconnu","5d1b672f2ddad254078717ae","02/07/2019"
"5d1bb0b32ddad254078717b1","null","Arts / Artisanat / Culture","lnconnu","02/07/2019"
"5d1bb0c92ddad254078717b2","null","Bois / Papier / Carton","lnconnu","02/07/2019"
"5d1c5cb62ddad254078717b3","jÃ©rÃ´me","Inconnu","5d1b25362ddad25407871799","03/07/2019"
"5d1c5cb92ddad254078717b4","jÃ","Inconnu","5d1b25362ddad25407871799","03/07/2019"
"5d1c5cbf2ddad254078717b5","jerome","Inconnu","5d1b25362ddad25407871799","03/07/2019"
"5d1c5cc12ddad254078717b6","jerome","Inconnu","5d1b25362ddad25407871799","03/07/2019"
"5d1c7ad42ddad254078717b9","commercial informatique","Inconnu","5d1c7ab72ddad254078717b7","03/07/2019"
"5d1c7cd12ddad254078717ba","Professeur d'anglais ","Inconnu","lnconnu","03/07/2019"
"5d1c7ce32ddad254078717bb","Professeur d'anglais ","Inconnu","lnconnu","03/07/2019"
"5d1c7cfe2ddad254078717bc","Professeur d'anglais ","Enseignement / Recherche / Formation","lnconnu","03/07/2019"
"5d1c7d1b2ddad254078717bd","null","Inconnu","lnconnu","03/07/2019"
"5d1c7d252ddad254078717be","null","Enseignement / Recherche / Formation","lnconnu","03/07/2019"
"5d1c818b2ddad254078717bf","consultant système réseaux","Inconnu","5d1c7ab72ddad254078717b7","03/07/2019"
"5d1c818c2ddad254078717c0","consultant système réseaux","Inconnu","5d1c7ab72ddad254078717b7","03/07/2019"
"5d1c81bd2ddad254078717c1","consultant système ","Inconnu","5d1c7ab72ddad254078717b7","03/07/2019"
"5d1c81cb2ddad254078717c2","réseaux","Inconnu","5d1c7ab72ddad254078717b7","03/07/2019"
"5d1c99d52ddad254078717c3","UX","Inconnu","lnconnu","03/07/2019"
"5d1caf4b2ddad254078717c6","philip","Inconnu","5ba1004a48b26d4df25496f1","03/07/2019"
"5d1da5db2ddad254078717d2","fabrice dorangeon","Inconnu","lnconnu","04/07/2019"
"5d1da5eb2ddad254078717d3","fabrice dorangeon","Inconnu","lnconnu","04/07/2019"
"5d1da5f12ddad254078717d4","fabrice dorangeon","Inconnu","lnconnu","04/07/2019"
"5d1da5f42ddad254078717d5","fabrice dorangeon","Inconnu","lnconnu","04/07/2019"
"5d1da5f92ddad254078717d6","fabrice dorangeon","Inconnu","lnconnu","04/07/2019"
"5d1da60b2ddad254078717d7","fabrice dorangeon","Inconnu","lnconnu","04/07/2019"
"5d1da6182ddad254078717d8","Fabrice Dorangeon","Inconnu","lnconnu","04/07/2019"
"5d1db9902ddad254078717dd","COMMERCIAL","Inconnu","5d1db2b82ddad254078717db","04/07/2019"
"5d1db9922ddad254078717de","COMMERCIAL","Inconnu","5d1db2b82ddad254078717db","04/07/2019"
"5d1dc1992ddad254078717df","COMMERCIAL","Inconnu","5d1db2b82ddad254078717db","04/07/2019"
"5d1dc1dd2ddad254078717e0","COMMERCIAL","Inconnu","5d1db2b82ddad254078717db","04/07/2019"
"5d1dc1e22ddad254078717e1","COMMERCIAL","Commerce / Négoce / Distribution","5d1db2b82ddad254078717db","04/07/2019"
"5d1f23db2ddad254078717e4","Responsable qualité ","Inconnu","lnconnu","05/07/2019"
"5d1f7dfb2ddad254078717e5","C  ","Inconnu","5cd9293644870d61541d68a7","05/07/2019"
"5d205dfc2ddad254078717e6","Communication ","Inconnu","lnconnu","06/07/2019"
"5d2300802ddad254078717e8","jean ","Inconnu","5c5971d6ea9407248fdd436c","08/07/2019"
"5d23adec2ddad254078717f0","photovoltaique","Inconnu","5d2309c42ddad254078717e9","08/07/2019"
"5d24582b2ddad254078717f1","directeur commercial","Inconnu","lnconnu","09/07/2019"
"5d2458562ddad254078717f2","Chef de projet","Inconnu","lnconnu","09/07/2019"
"5d2458702ddad254078717f3","Chef de projet informatique","Inconnu","lnconnu","09/07/2019"
"5d24589c2ddad254078717f4","commercial en vin","Inconnu","lnconnu","09/07/2019"
"5d24593a2ddad254078717f5","Responsable qualité","Inconnu","lnconnu","09/07/2019"
"5d2459672ddad254078717f6","consultant système réseaux","Inconnu","lnconnu","09/07/2019"
"5d2459d32ddad254078717f7","consultant système réseaux","Informatique / Télécoms","lnconnu","09/07/2019"
"5d24749c2ddad254078717f8","franck","Inconnu","5c5971d6ea9407248fdd436c","09/07/2019"
"5d2474ad2ddad254078717f9","aude","Inconnu","5c5971d6ea9407248fdd436c","09/07/2019"
"5d2474bb2ddad254078717fa","catherine","Inconnu","5c5971d6ea9407248fdd436c","09/07/2019"
"5d248c6f2ddad254078717fb","technicien systèmes et réseaux","Inconnu","lnconnu","09/07/2019"
"5d248cb92ddad254078717fc","technicien systèmes et réseaux","Inconnu","lnconnu","09/07/2019"
"5d248cce2ddad254078717fd","technicien systèmes et réseaux","Inconnu","lnconnu","09/07/2019"
"5d24a6ce2ddad254078717fe","laurent h","Inconnu","5c5971d6ea9407248fdd436c","09/07/2019"
"5d2588d52ddad25407871803","Sécurité ","Inconnu","lnconnu","10/07/2019"
"5d2588dd2ddad25407871804","Sécurité ","Inconnu","lnconnu","10/07/2019"
"5d2588e62ddad25407871805","Sécurité ","Armée / Sécurité","lnconnu","10/07/2019"
"5d259ce72ddad25407871806","Responsable construction ","Inconnu","lnconnu","10/07/2019"
"5d25ad142ddad25407871809","laurent h","Inconnu","5c5971d6ea9407248fdd436c","10/07/2019"
"5d25af652ddad2540787180a","laurent ","Inconnu","5c5971d6ea9407248fdd436c","10/07/2019"
"5d25b01c2ddad2540787180b","jean marc ","Inconnu","5c5971d6ea9407248fdd436c","10/07/2019"
"5d25b3bc2ddad2540787180c","valerie","Inconnu","5c5971d6ea9407248fdd436c","10/07/2019"
"5d25b61c2ddad2540787180d","bernard","Inconnu","5c5971d6ea9407248fdd436c","10/07/2019"
"5d25be4b2ddad2540787180e","ahmed","Inconnu","5c5971d6ea9407248fdd436c","10/07/2019"
"5d25d6c92ddad25407871810","DIRECTEUR CENTRE DE PROFIT","Inconnu","5d24dae32ddad25407871801","10/07/2019"
"5d25faeb2ddad25407871813","DAF","Inconnu","lnconnu","10/07/2019"
"5d25fb102ddad25407871814","DAF","Inconnu","lnconnu","10/07/2019"
"5d25fbd22ddad25407871815","daf","Inconnu","5d00afe3fd26e33243bc5f6a","10/07/2019"
"5d2600fd2ddad25407871818","olivier","Inconnu","5c5971d6ea9407248fdd436c","10/07/2019"
"5d26054e2ddad25407871819","CTO","Inconnu","5c5971d6ea9407248fdd436c","10/07/2019"
"5d2616852ddad2540787181a","fabrice dorangeon","Inconnu","lnconnu","10/07/2019"
"5d2616962ddad2540787181b","fabrice dorangeon","Inconnu","lnconnu","10/07/2019"
"5d2670db2ddad2540787181d","null","Édition / Communication / Information","lnconnu","10/07/2019"
"5d2671352ddad2540787181e","null","Services aux entreprises","lnconnu","10/07/2019"
"5d2671ad2ddad2540787181f","null","Commerce / Négoce / Distribution","lnconnu","10/07/2019"
"5d26f3fe2ddad25407871820","excel","Inconnu","lnconnu","11/07/2019"
"5d2750d52ddad25407871821","Photovoltaïque ","Inconnu","lnconnu","11/07/2019"
"5d2750df2ddad25407871822","Photovoltaïque ","Inconnu","lnconnu","11/07/2019"
"5d276a0a2ddad25407871823","Salut","Inconnu","lnconnu","11/07/2019"
"5d285f332ddad25407871824","finance","Inconnu","lnconnu","12/07/2019"
"5d28b9742ddad25407871827","ventes","Inconnu","lnconnu","12/07/2019"
"5d28bae42ddad25407871828","ventes vin","Inconnu","lnconnu","12/07/2019"
"5d28bb082ddad25407871829","ventes vin","Agroalimentaire / Agriculture","lnconnu","12/07/2019"
"5d28bb142ddad2540787182a","ventes vin","Industrie","lnconnu","12/07/2019"
"5d28bb232ddad2540787182b","ventes vin","Banque / Assurance","lnconnu","12/07/2019"
"5d28bb2d2ddad2540787182c","ventes vin","Hôtellerie / Restauration / Tourisme","lnconnu","12/07/2019"
"5d28bb362ddad2540787182d","ventes vin","Armée / Sécurité","lnconnu","12/07/2019"
"5d28bb3a2ddad2540787182e","ventes vin","Arts / Artisanat / Culture","lnconnu","12/07/2019"
"5d28bb412ddad2540787182f","ventes vin","Transports / Logistique","lnconnu","12/07/2019"
"5d2c552b2ddad25407871831","patrick","Inconnu","5c5971d6ea9407248fdd436c","15/07/2019"
"5d2c6c902ddad25407871832","marketing","Inconnu","lnconnu","15/07/2019"
"5d2c6cb42ddad25407871833","gil","Inconnu","lnconnu","15/07/2019"
"5d2ca1ca2ddad25407871834","responsable qualite","Inconnu","lnconnu","15/07/2019"
"5d2ca2332ddad25407871835","responsable qualite","Inconnu","lnconnu","15/07/2019"
"5d2ca2b92ddad25407871836","responsable qualite","Inconnu","lnconnu","15/07/2019"
"5d2d7f252ddad25407871837","aude","Inconnu","5c5971d6ea9407248fdd436c","16/07/2019"
"5d2d7f382ddad25407871838","philippe","Inconnu","5c5971d6ea9407248fdd436c","16/07/2019"
"5d2d8fdf2ddad2540787183b","null","Études et conseils","5d2d8fb22ddad25407871839","16/07/2019"
"5d2d90082ddad2540787183c","null","Services aux entreprises","5d2d8fb22ddad25407871839","16/07/2019"
"5d2db3f42ddad2540787183d","null","Édition / Communication / Information","lnconnu","16/07/2019"
"5d2dc5702ddad2540787183e","guilain","Inconnu","5ca74730d10aab0a4c954dff","16/07/2019"
"5d2de90c2ddad2540787183f","marketing","Inconnu","lnconnu","16/07/2019"
"5d2e06a12ddad25407871842","jean-marc","Inconnu","5ba1004a48b26d4df25496f1","16/07/2019"
"5d2ecd3d2ddad25407871845","philippe","Inconnu","5c5971d6ea9407248fdd436c","17/07/2019"
"5d2ede4a2ddad25407871846","community ","Inconnu","5c5971d6ea9407248fdd436c","17/07/2019"
"5d2ee6642ddad25407871847","pierre","Inconnu","lnconnu","17/07/2019"
"5d2ee6892ddad25407871848","pierre","Inconnu","5ba1004a48b26d4df25496f1","17/07/2019"
"5d2ef7042ddad2540787184a","null","Services aux entreprises","lnconnu","17/07/2019"
"5d2ef7372ddad2540787184b","null","Services aux entreprises","lnconnu","17/07/2019"
"5d2f0dfe2ddad2540787184c","pierre","Inconnu","5c5971d6ea9407248fdd436c","17/07/2019"
"5d2f0e152ddad2540787184d","patrick","Inconnu","5c5971d6ea9407248fdd436c","17/07/2019"
"5d2f2f3d2ddad2540787184e","webmarketing","Inconnu","5ba1004a48b26d4df25496f1","17/07/2019"
"5d2f2f422ddad2540787184f","marketing","Inconnu","5ba1004a48b26d4df25496f1","17/07/2019"
"5d2f30e42ddad25407871850","marketing","Inconnu","5ba1004a48b26d4df25496f1","17/07/2019"
"5d2f30ea2ddad25407871851","informatique","Inconnu","5ba1004a48b26d4df25496f1","17/07/2019"
"5d2f31632ddad25407871852","ROI","Inconnu","5ba1004a48b26d4df25496f1","17/07/2019"
"5d2f31f12ddad25407871853","analytics","Inconnu","5ba1004a48b26d4df25496f1","17/07/2019"
"5d2f31f52ddad25407871854","analytic","Inconnu","5ba1004a48b26d4df25496f1","17/07/2019"
"5d2f31fb2ddad25407871855","google","Inconnu","5ba1004a48b26d4df25496f1","17/07/2019"
"5d2f38492ddad25407871856","gilles","Inconnu","5c5971d6ea9407248fdd436c","17/07/2019"
"5d2f3e092ddad25407871857","vin","Inconnu","5c5971d6ea9407248fdd436c","17/07/2019"
"5d2f41f22ddad25407871858","viticole","Inconnu","5c5971d6ea9407248fdd436c","17/07/2019"
"5d2f7e752ddad2540787185b","franchise","Inconnu","5d2f78b12ddad25407871859","17/07/2019"
"5d2fa4e92ddad2540787185c","ingénieur calcul","Inconnu","lnconnu","17/07/2019"
"5d3094982ddad25407871866","michelle","Inconnu","5c5971d6ea9407248fdd436c","18/07/2019"
"5d3187942ddad25407871869","directeur financier","Inconnu","lnconnu","19/07/2019"
"5d3187cb2ddad2540787186a","controleur de gestion","Inconnu","lnconnu","19/07/2019"
"5d31882f2ddad2540787186b","michelle","Inconnu","5c5971d6ea9407248fdd436c","19/07/2019"
"5d3188332ddad2540787186c","michelle","Inconnu","5c5971d6ea9407248fdd436c","19/07/2019"
"5d31cea42ddad2540787186e","ressources humaines","Inconnu","lnconnu","19/07/2019"
"5d356a132ddad25407871871","null","Inconnu","lnconnu","22/07/2019"
"5d356a1a2ddad25407871872","null","Commerce / Négoce / Distribution","lnconnu","22/07/2019"
"5d356b242ddad25407871873","null","Inconnu","lnconnu","22/07/2019"
"5d356b292ddad25407871874","null","Commerce / Négoce / Distribution","lnconnu","22/07/2019"
"5d356b3c2ddad25407871875","null","Commerce / Négoce / Distribution","lnconnu","22/07/2019"
"5d356e8c2ddad25407871876","null","Agroalimentaire / Agriculture","5ba1004a48b26d4df25496f1","22/07/2019"
"5d356e9a2ddad25407871877","null","Armée / Sécurité","5ba1004a48b26d4df25496f1","22/07/2019"
"5d356ea52ddad25407871878","chef","Inconnu","5ba1004a48b26d4df25496f1","22/07/2019"
"5d356eac2ddad25407871879","chef","Électronique / Électricité","5ba1004a48b26d4df25496f1","22/07/2019"
"5d356eb32ddad2540787187a","null","Électronique / Électricité","5ba1004a48b26d4df25496f1","22/07/2019"
"5d356eb72ddad2540787187b","null","Banque / Assurance","5ba1004a48b26d4df25496f1","22/07/2019"
"5d356ec22ddad2540787187c","null","Chimie / Parachimie / Pharmacie","5ba1004a48b26d4df25496f1","22/07/2019"
"5d356ee22ddad2540787187d","directeur financier","Chimie / Parachimie / Pharmacie","5ba1004a48b26d4df25496f1","22/07/2019"
"5d356ee82ddad2540787187e","directeur financier","Inconnu","5ba1004a48b26d4df25496f1","22/07/2019"
"5d356f072ddad2540787187f","financier","Inconnu","5ba1004a48b26d4df25496f1","22/07/2019"
"5d356f142ddad25407871880","consultant système réseaux","Inconnu","5ba1004a48b26d4df25496f1","22/07/2019"
"5d356fa42ddad25407871881","consultant système réseaux","Services aux entreprises","5ba1004a48b26d4df25496f1","22/07/2019"
"5d356faa2ddad25407871882","null","Services aux entreprises","5ba1004a48b26d4df25496f1","22/07/2019"
"5d356fd92ddad25407871883","null","Études et conseils","5ba1004a48b26d4df25496f1","22/07/2019"
"5d3570062ddad25407871884","null","Études et conseils","5ba1004a48b26d4df25496f1","22/07/2019"
"5d358b872ddad25407871885","standard","Inconnu","5ba1004a48b26d4df25496f1","22/07/2019"
"5d358b9c2ddad25407871886","standard","Inconnu","5ba1004a48b26d4df25496f1","22/07/2019"
"5d358ba62ddad25407871887","secrétaire","Inconnu","5ba1004a48b26d4df25496f1","22/07/2019"
"5d35a65a2ddad25407871888","organisation","Inconnu","lnconnu","22/07/2019"
"5d35a6772ddad25407871889","organisation","Inconnu","lnconnu","22/07/2019"
"5d35d5552ddad2540787188a","Médico social ","Inconnu","lnconnu","22/07/2019"
"5d36ac042ddad2540787188d","petite enfance","Inconnu","lnconnu","23/07/2019"
"5d36ac242ddad2540787188e","femme de ménage","Inconnu","lnconnu","23/07/2019"
"5d36ac402ddad2540787188f","femme de ménage","Inconnu","lnconnu","23/07/2019"
"5d36ac632ddad25407871890","femme de ménage","Services aux entreprises","lnconnu","23/07/2019"
"5d36ac692ddad25407871891","femme de ménage","Services aux entreprises","lnconnu","23/07/2019"
"5d36ac6f2ddad25407871892","femme de ménage","Inconnu","lnconnu","23/07/2019"
"5d36cbc52ddad25407871893","gille","Inconnu","lnconnu","23/07/2019"
"5d36cbcf2ddad25407871894","gilles","Inconnu","lnconnu","23/07/2019"
"5d36cc5f2ddad25407871895","bernard","Inconnu","lnconnu","23/07/2019"
"5d36e5322ddad2540787189b","directeur commercial","Inconnu","5ba1004a48b26d4df25496f1","23/07/2019"
"5d36e5b92ddad2540787189e","ERP","Inconnu","5ba1004a48b26d4df25496f1","23/07/2019"
"5d36e60f2ddad2540787189f","robinet","Inconnu","5ba1004a48b26d4df25496f1","23/07/2019"
"5d36e61d2ddad254078718a0","arme","Inconnu","5ba1004a48b26d4df25496f1","23/07/2019"
"5d36e6342ddad254078718a1","bien être","Inconnu","5ba1004a48b26d4df25496f1","23/07/2019"
"5d36e63f2ddad254078718a2","bien-être","Inconnu","5ba1004a48b26d4df25496f1","23/07/2019"
"5d36e64e2ddad254078718a3","bien-être","Inconnu","5ba1004a48b26d4df25496f1","23/07/2019"
"5d36e6512ddad254078718a4","null","Inconnu","5ba1004a48b26d4df25496f1","23/07/2019"
"5d37004d2ddad254078718a5","chargé de communication","Inconnu","lnconnu","23/07/2019"
"5d3700f02ddad254078718a6","Rh","Inconnu","lnconnu","23/07/2019"
"5d3700fb2ddad254078718a7","Rh","Inconnu","lnconnu","23/07/2019"
"5d3701102ddad254078718a8","Ressources humaines","Inconnu","lnconnu","23/07/2019"
"5d3701892ddad254078718a9","Finance ","Inconnu","lnconnu","23/07/2019"
"5d3701b92ddad254078718aa","Comptabilité","Inconnu","lnconnu","23/07/2019"
"5d3701ec2ddad254078718ab","Export ","Inconnu","lnconnu","23/07/2019"
"5d3702292ddad254078718ac","Vin","Inconnu","lnconnu","23/07/2019"
"5d37564b2ddad254078718ad","Geo","Inconnu","lnconnu","23/07/2019"
"5d3820f92ddad254078718ae","Médico-social ","Inconnu","lnconnu","24/07/2019"
"5d38210a2ddad254078718af","Médico-social ","Santé / Social / Sport et loisirs","lnconnu","24/07/2019"
"5d3848b92ddad254078718b0","relations humaines","Inconnu","lnconnu","24/07/2019"
"5d3878d42ddad254078718c0","BONO","Inconnu","lnconnu","24/07/2019"
"5d388de52ddad254078718c1","relations humaines","Inconnu","5c8787a4dee03a5fd72440b5","24/07/2019"
"5d3924c92ddad254078718c2","Communication ","Inconnu","lnconnu","25/07/2019"
"5d39489b2ddad254078718c3","null","Commerce / Négoce / Distribution","lnconnu","25/07/2019"
"5d395e502ddad254078718c4","null","Études et conseils","lnconnu","25/07/2019"
"5d3966142ddad254078718c5","COMMERCIAL","Inconnu","lnconnu","25/07/2019"
"5d396ece2ddad254078718c6","directeur logistique","Inconnu","lnconnu","25/07/2019"
"5d396f042ddad254078718c7","null","Banque / Assurance","lnconnu","25/07/2019"
"5d3975132ddad254078718c8","null","Services aux entreprises","lnconnu","25/07/2019"
"5d397d5d2ddad254078718c9","commercial","Inconnu","lnconnu","25/07/2019"
"5d3997752ddad254078718ca","null","Informatique / Télécoms","lnconnu","25/07/2019"
"5d39d2ef2ddad254078718ce","bono","Inconnu","5d39d2bb2ddad254078718cc","25/07/2019"
"5d39d43c2ddad254078718cf","bono","Inconnu","5d39d2bb2ddad254078718cc","25/07/2019"
"5d39d4da2ddad254078718d0","null","Bois / Papier / Carton","lnconnu","25/07/2019"
"5d39d5cc2ddad254078718d1","bono","Inconnu","5d39d2bb2ddad254078718cc","25/07/2019"
"5d39ec2c2ddad254078718d2","direction commerciale","Inconnu","lnconnu","25/07/2019"
"5d39ec6b2ddad254078718d3","alain","Inconnu","lnconnu","25/07/2019"
"5d39ec792ddad254078718d4","informatique","Inconnu","lnconnu","25/07/2019"
"5d39ec8e2ddad254078718d5","informatique","Informatique / Télécoms","lnconnu","25/07/2019"
"5d39ec942ddad254078718d6","null","Informatique / Télécoms","lnconnu","25/07/2019"
"5d3a1c992ddad254078718d8","biotech","Inconnu","lnconnu","25/07/2019"
"5d3a20ab2ddad254078718d9","biotech","Inconnu","5c41fe7fc4c39323bc6a574f","25/07/2019"
"5d3a21192ddad254078718da","agronomie","Inconnu","5c41fe7fc4c39323bc6a574f","25/07/2019"
"5d3a21282ddad254078718db","agronomie","Enseignement / Recherche / Formation","5c41fe7fc4c39323bc6a574f","25/07/2019"
"5d3a214e2ddad254078718dc","innovation","Enseignement / Recherche / Formation","5c41fe7fc4c39323bc6a574f","25/07/2019"
"5d3a60822ddad254078718dd","null","Santé / Social / Sport et loisirs","lnconnu","26/07/2019"
"5d3a62932ddad254078718de","null","Informatique / Télécoms","lnconnu","26/07/2019"
"5d3a76092ddad254078718df","null","Édition / Communication / Information","lnconnu","26/07/2019"
"5d3a86d42ddad254078718e0","null","Santé / Social / Sport et loisirs","lnconnu","26/07/2019"
"5d3aa1082ddad254078718e3","CELIA","Inconnu","5d3aa0f62ddad254078718e1","26/07/2019"
"5d3ac3142ddad254078718e6","Professeur d'anglais ","Inconnu","lnconnu","26/07/2019"
"5d3ac31e2ddad254078718e7","Professeur d'anglais ","Inconnu","lnconnu","26/07/2019"
"5d3ac32c2ddad254078718e8","Professeur d'anglais ","Enseignement / Recherche / Formation","lnconnu","26/07/2019"
"5d3ada812ddad254078718eb","null","Informatique / Télécoms","lnconnu","26/07/2019"
"5d3b27972ddad254078718ee","C  ","Inconnu","lnconnu","26/07/2019"
"5d3b4c5b2ddad254078718f1","Automobile ","Inconnu","lnconnu","26/07/2019"
"5d3b4c752ddad254078718f2","Automobile ","Commerce / Négoce / Distribution","lnconnu","26/07/2019"
"5d3b4c7d2ddad254078718f3","null","Agroalimentaire / Agriculture","lnconnu","26/07/2019"
"5d3b80052ddad254078718f4","null","Banque / Assurance","lnconnu","26/07/2019"
"5d3c250b2ddad254078718f6","null","Commerce / Négoce / Distribution","lnconnu","27/07/2019"
"5d3c4cd42ddad254078718f9","null","Inconnu","5d3c4ca62ddad254078718f7","27/07/2019"
"5d3c4f2a2ddad254078718fc","business developer","Inconnu","5d3c4ca62ddad254078718f7","27/07/2019"
"5d3c532d2ddad254078718fd","business developer","Inconnu","lnconnu","27/07/2019"
"5d3c53362ddad254078718fe","business developer","Inconnu","lnconnu","27/07/2019"
"5d3c9a5c2ddad254078718ff","vacatures","Inconnu","lnconnu","27/07/2019"
"5d3d4c732ddad25407871900","Recouvrement","Inconnu","lnconnu","28/07/2019"
"5d3d65712ddad25407871901","null","Hôtellerie / Restauration / Tourisme","5cfe2a0dfd26e33243bc5f51","28/07/2019"
"5d3d72212ddad25407871902","null","Hôtellerie / Restauration / Tourisme","5cfe2a0dfd26e33243bc5f51","28/07/2019"
"5d3d85f72ddad25407871903","null","Édition / Communication / Information","lnconnu","28/07/2019"
"5d3ecddc2ddad25407871907","chamoux","Inconnu","5d1a28512ddad2540787178c","29/07/2019"
"5d3ecde72ddad25407871908","alain","Inconnu","5d1a28512ddad2540787178c","29/07/2019"
"5d3f20622ddad2540787190a","qualité","Inconnu","lnconnu","29/07/2019"
"5d3f20802ddad2540787190b","sécurité au travail","Inconnu","lnconnu","29/07/2019"
"5d400f502ddad2540787190c","canni","Inconnu","5ca74730d10aab0a4c954dff","30/07/2019"
"5d400f572ddad2540787190d","jean-luc","Inconnu","5ca74730d10aab0a4c954dff","30/07/2019"
"5d4020a92ddad2540787190f","jean-luc","Inconnu","lnconnu","30/07/2019"
"5d402c322ddad25407871910","null","Services aux entreprises","lnconnu","30/07/2019"
"5d4069b62ddad25407871911","null","Études et conseils","lnconnu","30/07/2019"
"5d40a2fa2ddad25407871912","null","Banque / Assurance","lnconnu","30/07/2019"
"5d40b3a12ddad25407871913","null","Services aux entreprises","lnconnu","30/07/2019"
"5d40d8b62ddad25407871914","null","Services aux entreprises","lnconnu","30/07/2019"
"5d4133702ddad25407871915","null","Commerce / Négoce / Distribution","lnconnu","31/07/2019"
"5d413d3a2ddad25407871916","Designers web","Inconnu","lnconnu","31/07/2019"
"5d413d452ddad25407871917","Designers web","Inconnu","lnconnu","31/07/2019"
"5d413d4d2ddad25407871918","Designers web","Commerce / Négoce / Distribution","lnconnu","31/07/2019"
"5d413d802ddad25407871919","Web design ","Commerce / Négoce / Distribution","lnconnu","31/07/2019"
"5d413e4f2ddad2540787191a","Web marketing ","Inconnu","lnconnu","31/07/2019"
"5d41b2112ddad2540787191d","null","Informatique / Télécoms","lnconnu","31/07/2019"
"5d41c1ff2ddad2540787191e","null","Édition / Communication / Information","lnconnu","31/07/2019"
"5d424f6d2ddad2540787191f","null","Informatique / Télécoms","lnconnu","01/08/2019"
"5d4292872ddad25407871922","directeur commercial","Inconnu","5d021cd6fd26e33243bc5f88","01/08/2019"
"5d429bba2ddad25407871924","production IT","Inconnu","5d3b152e2ddad254078718ec","01/08/2019"
"5d429c042ddad25407871925","production IT","Informatique / TÃ©lÃ©coms","5d3b152e2ddad254078718ec","01/08/2019"
"5d429c0f2ddad25407871926","production IT","Informatique / TÃ©lÃ©coms","5d3b152e2ddad254078718ec","01/08/2019"
"5d429c1c2ddad25407871927","production IT","Informatique / TÃ©lÃ©coms","5d3b152e2ddad254078718ec","01/08/2019"
"5d42ae3f2ddad25407871928","christop","Inconnu","lnconnu","01/08/2019"
"5d42b7162ddad25407871929","RH","Inconnu","lnconnu","01/08/2019"
"5d42b7342ddad2540787192a","RH","Services aux entreprises","lnconnu","01/08/2019"
"5d42b7502ddad2540787192b","null","Services aux entreprises","lnconnu","01/08/2019"
"5d42ba872ddad2540787192c","null","Santé / Social / Sport et loisirs","lnconnu","01/08/2019"
"5d42df552ddad2540787192d","roussel","Inconnu","5ce6626cb0c8341cdddda0e8","01/08/2019"
"5d42df592ddad2540787192e","benoit","Inconnu","5ce6626cb0c8341cdddda0e8","01/08/2019"
"5d42df802ddad25407871930","emmanuel","Inconnu","5ce6626cb0c8341cdddda0e8","01/08/2019"
"5d42dfc12ddad25407871931","emmanuel","Inconnu","5ba1004a48b26d4df25496f1","01/08/2019"
"5d42e2792ddad25407871932","benoit","Inconnu","5ba1004a48b26d4df25496f1","01/08/2019"
"5d43f3612ddad25407871933","production IT","Informatique / Télécoms","lnconnu","02/08/2019"
"5d44213c2ddad25407871934","null","Études et conseils","lnconnu","02/08/2019"
"5d44299a2ddad25407871935","guil","Inconnu","lnconnu","02/08/2019"
"5d442a1c2ddad25407871936","guilain","Inconnu","5ba1004a48b26d4df25496f1","02/08/2019"
"5d442a1f2ddad25407871937","guilain","Inconnu","5ba1004a48b26d4df25496f1","02/08/2019"
"5d4549512ddad2540787193c","Gestion de fortune","Inconnu","lnconnu","03/08/2019"
"5d4553552ddad2540787193d","Gestion de fortune","Inconnu","lnconnu","03/08/2019"
"5d468a332ddad2540787193e","null","Santé / Social / Sport et loisirs","lnconnu","04/08/2019"
"5d469f0e2ddad25407871941","associatif","Inconnu","lnconnu","04/08/2019"
"5d469f382ddad25407871942","developpement projet","Inconnu","lnconnu","04/08/2019"
"5d469f992ddad25407871943","comptabilité","Inconnu","lnconnu","04/08/2019"
"5d469fb42ddad25407871944","évènementiel","Inconnu","lnconnu","04/08/2019"
"5d46befc2ddad25407871948","null","Études et conseils","lnconnu","04/08/2019"
"5d47a25c2ddad25407871949","null","Banque / Assurance","lnconnu","05/08/2019"
"5d48974b2ddad25407871953","null","Édition / Communication / Information","lnconnu","05/08/2019"
"5d4960712ddad25407871954","frigoriste","Inconnu","lnconnu","06/08/2019"
"5d49ae1f2ddad25407871955","contrôle financier","Inconnu","5d0508befd26e33243bc5fbb","06/08/2019"
"5d4a93832ddad25407871957","aude","Inconnu","lnconnu","07/08/2019"
"5d4abde02ddad2540787195c","laurent","Inconnu","lnconnu","07/08/2019"
"5d4ad8182ddad2540787195f","hotel","Inconnu","lnconnu","07/08/2019"
"5d4aeb8a2ddad25407871960","EHS","Inconnu","lnconnu","07/08/2019"
"5d4b37892ddad25407871963","Crm","Inconnu","lnconnu","07/08/2019"
"5d4b37ae2ddad25407871964","Crm","Commerce / Négoce / Distribution","lnconnu","07/08/2019"
"5d4b37bb2ddad25407871965","Crm","Commerce / Négoce / Distribution","lnconnu","07/08/2019"
"5d4b39ba2ddad25407871966","Crm","Édition / Communication / Information","lnconnu","07/08/2019"
"5d4b39cc2ddad25407871967","Crm","Édition / Communication / Information","lnconnu","07/08/2019"
"5d4c66042ddad2540787196e","null","Informatique / Télécoms","5d1a28512ddad2540787178c","08/08/2019"
"5d4ddfdb2ddad2540787196f","null","Inconnu","lnconnu","09/08/2019"
"5d4de0012ddad25407871970","null","Commerce / Négoce / Distribution","lnconnu","09/08/2019"
"5d4de02f2ddad25407871971","null","Édition / Communication / Information","lnconnu","09/08/2019"
"5d4de03d2ddad25407871972","null","Édition / Communication / Information","lnconnu","09/08/2019"
"5d4ef7062ddad25407871973","null","Inconnu","5c790f92dee03a5fd724407d","10/08/2019"
"5d4ef72c2ddad25407871974","null","Textile / Habillement / Chaussure","5c790f92dee03a5fd724407d","10/08/2019"
"5d4ef7352ddad25407871975","null","Industrie","5c790f92dee03a5fd724407d","10/08/2019"
"5d4ef73b2ddad25407871976","null","Industrie","5c790f92dee03a5fd724407d","10/08/2019"
"5d4ef73d2ddad25407871977","null","Industrie","5c790f92dee03a5fd724407d","10/08/2019"
"5d4ef73f2ddad25407871978","null","Industrie","5c790f92dee03a5fd724407d","10/08/2019"
"5d4ef7422ddad25407871979","null","Informatique / Télécoms","5c790f92dee03a5fd724407d","10/08/2019"
"5d4ef7472ddad2540787197a","null","Agroalimentaire / Agriculture","5c790f92dee03a5fd724407d","10/08/2019"
"5d4ef74f2ddad2540787197b","null","BTP / Construction","5c790f92dee03a5fd724407d","10/08/2019"
"5d4ef7552ddad2540787197c","null","Chimie / Parachimie / Pharmacie","5c790f92dee03a5fd724407d","10/08/2019"
"5d4ef75b2ddad2540787197d","null","Commerce / Négoce / Distribution","5c790f92dee03a5fd724407d","10/08/2019"
"5d4f0d1e2ddad2540787197e","null","Études et conseils","lnconnu","10/08/2019"
"5d4f1d162ddad2540787197f","communication","Inconnu","lnconnu","10/08/2019"
"5d502acc2ddad25407871980","De bort","Inconnu","lnconnu","11/08/2019"
"5d50323e2ddad25407871981","null","Commerce / Négoce / Distribution","lnconnu","11/08/2019"
"5d5032e12ddad25407871982","commercial","Inconnu","5c9e4ed5d10aab0a4c954de7","11/08/2019"
"5d5032e92ddad25407871983","commercial","Commerce / Négoce / Distribution","5c9e4ed5d10aab0a4c954de7","11/08/2019"
"5d5035d62ddad25407871984","commercial","Agroalimentaire / Agriculture","5c9e4ed5d10aab0a4c954de7","11/08/2019"
"5d5035f32ddad25407871985","commercial","Commerce / Négoce / Distribution","5c9e4ed5d10aab0a4c954de7","11/08/2019"
"5d50361e2ddad25407871986","commercial","Agroalimentaire / Agriculture","5c9e4ed5d10aab0a4c954de7","11/08/2019"
"5d5036562ddad25407871987","commercial","Architecture / Paysage / Urbanisme","5c9e4ed5d10aab0a4c954de7","11/08/2019"
"5d50365c2ddad25407871988","commercial","Armée / Sécurité","5c9e4ed5d10aab0a4c954de7","11/08/2019"
"5d50365f2ddad25407871989","commercial","Arts / Artisanat / Culture","5c9e4ed5d10aab0a4c954de7","11/08/2019"
"5d5036632ddad2540787198a","commercial","Banque / Assurance","5c9e4ed5d10aab0a4c954de7","11/08/2019"
"5d5036792ddad2540787198b","commercial","Bois / Papier / Carton","5c9e4ed5d10aab0a4c954de7","11/08/2019"
"5d50367f2ddad2540787198c","commercial","BTP / Construction","5c9e4ed5d10aab0a4c954de7","11/08/2019"
"5d50368d2ddad2540787198d","commercial","Chimie / Parachimie / Pharmacie","5c9e4ed5d10aab0a4c954de7","11/08/2019"
"5d5036ab2ddad2540787198e","commercial","Édition / Communication / Information","5c9e4ed5d10aab0a4c954de7","11/08/2019"
"5d5036dc2ddad2540787198f","commercial","Électronique / Électricité","5c9e4ed5d10aab0a4c954de7","11/08/2019"
"5d5036e32ddad25407871990","commercial","Énergies / Environnement","5c9e4ed5d10aab0a4c954de7","11/08/2019"
"5d5037062ddad25407871991","commercial","Enseignement / Recherche / Formation","5c9e4ed5d10aab0a4c954de7","11/08/2019"
"5d5037292ddad25407871992","commercial","Études et conseils","5c9e4ed5d10aab0a4c954de7","11/08/2019"
"5d50374d2ddad25407871993","commercial","Hôtellerie / Restauration / Tourisme","5c9e4ed5d10aab0a4c954de7","11/08/2019"
"5d5037932ddad25407871994","commercial","Industrie","5c9e4ed5d10aab0a4c954de7","11/08/2019"
"5d5037bc2ddad25407871995","null","Agroalimentaire / Agriculture","5c9e4ed5d10aab0a4c954de7","11/08/2019"
"5d5037f02ddad25407871996","null","Architecture / Paysage / Urbanisme","5c9e4ed5d10aab0a4c954de7","11/08/2019"
"5d5037f42ddad25407871997","null","Armée / Sécurité","5c9e4ed5d10aab0a4c954de7","11/08/2019"
"5d5037f92ddad25407871998","null","Arts / Artisanat / Culture","5c9e4ed5d10aab0a4c954de7","11/08/2019"
"5d5037fd2ddad25407871999","null","Banque / Assurance","5c9e4ed5d10aab0a4c954de7","11/08/2019"
"5d5038342ddad2540787199a","null","Bois / Papier / Carton","5c9e4ed5d10aab0a4c954de7","11/08/2019"
"5d50383b2ddad2540787199b","null","BTP / Construction","5c9e4ed5d10aab0a4c954de7","11/08/2019"
"5d5038402ddad2540787199c","null","Chimie / Parachimie / Pharmacie","5c9e4ed5d10aab0a4c954de7","11/08/2019"
"5d5038602ddad2540787199d","null","Commerce / Négoce / Distribution","5c9e4ed5d10aab0a4c954de7","11/08/2019"
"5d50389b2ddad2540787199e","null","Édition / Communication / Information","5c9e4ed5d10aab0a4c954de7","11/08/2019"
"5d5038e92ddad2540787199f","null","Électronique / Électricité","5c9e4ed5d10aab0a4c954de7","11/08/2019"
"5d5038ef2ddad254078719a0","null","Énergies / Environnement","5c9e4ed5d10aab0a4c954de7","11/08/2019"
"5d5038f92ddad254078719a1","null","Enseignement / Recherche / Formation","5c9e4ed5d10aab0a4c954de7","11/08/2019"
"5d50390c2ddad254078719a2","null","Études et conseils","5c9e4ed5d10aab0a4c954de7","11/08/2019"
"5d5039512ddad254078719a3","null","Hôtellerie / Restauration / Tourisme","5c9e4ed5d10aab0a4c954de7","11/08/2019"
"5d5039662ddad254078719a4","null","Industrie","5c9e4ed5d10aab0a4c954de7","11/08/2019"
"5d5039ee2ddad254078719a5","null","Informatique / Télécoms","5c9e4ed5d10aab0a4c954de7","11/08/2019"
"5d503a932ddad254078719a6","null","Machines et équipements / Automobile","5c9e4ed5d10aab0a4c954de7","11/08/2019"
"5d503a9a2ddad254078719a7","null","Métallurgie / Travail du métal","5c9e4ed5d10aab0a4c954de7","11/08/2019"
"5d503aa22ddad254078719a8","null","Plastique / Caoutchouc","5c9e4ed5d10aab0a4c954de7","11/08/2019"
"5d503aab2ddad254078719a9","null","Santé / Social / Sport et loisirs","5c9e4ed5d10aab0a4c954de7","11/08/2019"
"5d503b362ddad254078719aa","null","Services aux entreprises","5c9e4ed5d10aab0a4c954de7","11/08/2019"
"5d503c5b2ddad254078719ab","null","Textile / Habillement / Chaussure","5c9e4ed5d10aab0a4c954de7","11/08/2019"
"5d503c8c2ddad254078719ac","null","Traduction / Interprétariat","5c9e4ed5d10aab0a4c954de7","11/08/2019"
"5d503c952ddad254078719ad","null","Transports / Logistique","5c9e4ed5d10aab0a4c954de7","11/08/2019"
"5d503ca42ddad254078719ae","null","Commerce / Négoce / Distribution","5c9e4ed5d10aab0a4c954de7","11/08/2019"
"5d512a8d2ddad254078719af","null","Inconnu","5d03b9d1fd26e33243bc5fb2","12/08/2019"
"5d5149e82ddad254078719b0","null","Informatique / Télécoms","lnconnu","12/08/2019"
"5d5160082ddad254078719b1","HQSSE ","Inconnu","lnconnu","12/08/2019"
"5d5160172ddad254078719b2","HQSSE ","Inconnu","lnconnu","12/08/2019"
"5d5160262ddad254078719b3","HQSSE ","Armée / Sécurité","lnconnu","12/08/2019"
"5d5270992ddad254078719bb","qualité","Inconnu","lnconnu","13/08/2019"
"5d5286bb2ddad254078719bd","null","Édition / Communication / Information","lnconnu","13/08/2019"
"5d52c1e82ddad254078719c0","Comptabilité ","Inconnu","5d52ac252ddad254078719be","13/08/2019"
"5d52c3492ddad254078719c1","Comptable","Inconnu","5d52ac252ddad254078719be","13/08/2019"
"5d52efa32ddad254078719c4","contrôleur financier","Inconnu","lnconnu","13/08/2019"
"5d5319252ddad254078719c5","null","Inconnu","5d51c2912ddad254078719b8","13/08/2019"
"5d531bfd2ddad254078719c6","null","Services aux entreprises","5d51c2912ddad254078719b8","13/08/2019"
"5d5329bc2ddad254078719c7","null","Commerce / Négoce / Distribution","lnconnu","13/08/2019"
"5d5460d62ddad254078719ca","null","Santé / Social / Sport et loisirs","lnconnu","14/08/2019"
"5d54694a2ddad254078719cb","null","Informatique / Télécoms","lnconnu","14/08/2019"
"5d5536e32ddad254078719cc","Editorial","Inconnu","lnconnu","15/08/2019"
"5d5869ea2ddad254078719cd","null","Banque / Assurance","lnconnu","17/08/2019"
"5d5a5f8bd157c058dfecd1e3","null","Édition / Communication / Information","lnconnu","19/08/2019"
"5d5a775dd157c058dfecd1e4","null","Inconnu","5d4ba4902ddad25407871968","19/08/2019"
"5d5a7764d157c058dfecd1e5","null","Édition / Communication / Information","5d4ba4902ddad25407871968","19/08/2019"
"5d5abf8cd157c058dfecd1e8","secrétaire","Inconnu","lnconnu","19/08/2019"
"5d5acac1d157c058dfecd1e9","null","Services aux entreprises","lnconnu","19/08/2019"
"5d5bb58bd157c058dfecd1ec","industrie","Inconnu","5d4b24ce2ddad25407871961","20/08/2019"
"5d5bb627d157c058dfecd1ed","karine","Inconnu","lnconnu","20/08/2019"
"5d5bc06bd157c058dfecd1ee","commercial grand compte","Inconnu","lnconnu","20/08/2019"
"5d5beed0d157c058dfecd1f1","negociation commerciale","Inconnu","5d4aac542ddad2540787195a","20/08/2019"
"5d5c05bad157c058dfecd1f6","wordpress","Inconnu","5d5c0481d157c058dfecd1f4","20/08/2019"
"5d5c05ccd157c058dfecd1f7","developpement commercial","Inconnu","5d5c0481d157c058dfecd1f4","20/08/2019"
"5d5c0602d157c058dfecd1f8","ecommerce","Inconnu","5d5c0481d157c058dfecd1f4","20/08/2019"
"5d5ce81ed157c058dfecd1f9","rédacteur","Inconnu","5cb43520d10aab0a4c954e25","21/08/2019"
"5d5ce844d157c058dfecd1fa","journaliste","Inconnu","5cb43520d10aab0a4c954e25","21/08/2019"
"5d5cfeaed157c058dfecd1fb","sociologue","Inconnu","lnconnu","21/08/2019"
"5d5cfec0d157c058dfecd1fc","commercial","Inconnu","lnconnu","21/08/2019"
"5d5d5019d157c058dfecd202","RESPONSABLE COMMERCIAL","Inconnu","5d4aac542ddad2540787195a","21/08/2019"
"5d5d55b8d157c058dfecd203","coaching","Inconnu","5d4aac542ddad2540787195a","21/08/2019"
"5d5d584bd157c058dfecd204","informatique","Inconnu","lnconnu","21/08/2019"
"5d5d5855d157c058dfecd205","digital*","Inconnu","5d4aac542ddad2540787195a","21/08/2019"
"5d5d585ed157c058dfecd206","digital","Inconnu","5d4aac542ddad2540787195a","21/08/2019"
"5d5d5877d157c058dfecd207","informatique","Inconnu","5ba1004a48b26d4df25496f1","21/08/2019"
"5d5d588ed157c058dfecd208","coaching","Inconnu","5d4aac542ddad2540787195a","21/08/2019"
"5d5d6306d157c058dfecd20b","chef de projet","Inconnu","5d5d5f9ed157c058dfecd209","21/08/2019"
"5d5d641dd157c058dfecd20c","chef de projet","Informatique / Télécoms","5d5d5f9ed157c058dfecd209","21/08/2019"
"5d5d6431d157c058dfecd20d","null","Informatique / Télécoms","5d5d5f9ed157c058dfecd209","21/08/2019"
"5d5d6432d157c058dfecd20e","chef de projet","Informatique / Télécoms","5d5d5f9ed157c058dfecd209","21/08/2019"
"5d5d7cc3d157c058dfecd20f","null","Commerce / Négoce / Distribution","lnconnu","21/08/2019"
"5d5d9943d157c058dfecd212","null","Services aux entreprises","5d52ac252ddad254078719be","21/08/2019"
"5d5daab8d157c058dfecd213","null","Services aux entreprises","lnconnu","21/08/2019"
"5d5ddbe1d157c058dfecd214","null","Services aux entreprises","lnconnu","22/08/2019"
"5d5e4590d157c058dfecd215","contrôle de gestion","Inconnu","lnconnu","22/08/2019"
"5d5e459ed157c058dfecd216","contrôle financier","Inconnu","lnconnu","22/08/2019"
"5d5e6b5fd157c058dfecd218","CONTROLE DE GESTION","Inconnu","lnconnu","22/08/2019"
"5d5e8531d157c058dfecd21a","null","Enseignement / Recherche / Formation","5d46abef2ddad25407871945","22/08/2019"
"5d5e8539d157c058dfecd21b","null","Chimie / Parachimie / Pharmacie","5d46abef2ddad25407871945","22/08/2019"
"5d5e853ed157c058dfecd21c","null","Chimie / Parachimie / Pharmacie","5d46abef2ddad25407871945","22/08/2019"
"5d5e9216d157c058dfecd21d","null","Études et conseils","lnconnu","22/08/2019"
"5d5ea5dcd157c058dfecd21e","RESPONSABLE COMMERCIAL","Inconnu","lnconnu","22/08/2019"
"5d5ea6a1d157c058dfecd21f","RESPONSABLE COMMERCIAL","Inconnu","5d4aac542ddad2540787195a","22/08/2019"
"5d5f6909d157c058dfecd222","null","Services aux entreprises","lnconnu","23/08/2019"
"5d5f7098d157c058dfecd223","RESPONSABLE COMMERCIAL","Inconnu","lnconnu","23/08/2019"
"5d5fb372d157c058dfecd224","conducteur de travaux","Inconnu","lnconnu","23/08/2019"
"5d5fbdb9d157c058dfecd225","null","Informatique / Télécoms","lnconnu","23/08/2019"
"5d5fe80cd157c058dfecd226","null","Chimie / Parachimie / Pharmacie","5ba1004a48b26d4df25496f1","23/08/2019"
"5d5fe80fd157c058dfecd227","null","Chimie / Parachimie / Pharmacie","5ba1004a48b26d4df25496f1","23/08/2019"
"5d5ffa41d157c058dfecd228","ingénierie","Inconnu","lnconnu","23/08/2019"
"5d5fffc3d157c058dfecd22a","rrh","Inconnu","lnconnu","23/08/2019"
"5d600733d157c058dfecd22b","SAP","Inconnu","lnconnu","23/08/2019"
"5d617f49d157c058dfecd22c","null","Études et conseils","lnconnu","24/08/2019"
"5d619b81d157c058dfecd22d","null","Banque / Assurance","lnconnu","24/08/2019"
"5d628093d157c058dfecd22e","null","Édition / Communication / Information","lnconnu","25/08/2019"
"5d635d3cd157c058dfecd231","null","Santé / Social / Sport et loisirs","lnconnu","26/08/2019"
"5d63a7c5d157c058dfecd23e","thermie","Inconnu","lnconnu","26/08/2019"
"5d63bbcfd157c058dfecd23f","commercial","Inconnu","lnconnu","26/08/2019"
"5d63bbd1d157c058dfecd240","commercial","Inconnu","lnconnu","26/08/2019"
"5d63cc40d157c058dfecd241","fle","Inconnu","lnconnu","26/08/2019"
"5d63d707d157c058dfecd242","Enseignement","Inconnu","lnconnu","26/08/2019"
"5d64a50ed157c058dfecd246","Responsable commercial ","Inconnu","lnconnu","27/08/2019"
"5d64a51bd157c058dfecd247","Responsable commercial ","Inconnu","lnconnu","27/08/2019"
"5d64a520d157c058dfecd248","Responsable commercial ","Inconnu","lnconnu","27/08/2019"
"5d64a5ded157c058dfecd249","Responsable commercial ","Inconnu","5d4aac542ddad2540787195a","27/08/2019"
"5d64a5f0d157c058dfecd24a","Responsable commercial ","Inconnu","5d4aac542ddad2540787195a","27/08/2019"
"5d64ec8dd157c058dfecd24b","patrick","Inconnu","lnconnu","27/08/2019"
"5d64ee90d157c058dfecd24c","Médico-social ","Inconnu","lnconnu","27/08/2019"
"5d66727fd157c058dfecd257","jean-marc","Inconnu","lnconnu","28/08/2019"
"5d667296d157c058dfecd258","jean-marc","Informatique / Télécoms","lnconnu","28/08/2019"
"5d66729ad157c058dfecd259","null","Informatique / Télécoms","lnconnu","28/08/2019"
"5d66884bd157c058dfecd25c","Enfants ","Inconnu","lnconnu","28/08/2019"
"5d668cd6d157c058dfecd25d","ingénieur structure","Inconnu","5d665649d157c058dfecd255","28/08/2019"
"5d668d00d157c058dfecd25e","ingénieur structure","BTP / Construction","5d665649d157c058dfecd255","28/08/2019"
"5d66925bd157c058dfecd25f","comunication","Inconnu","lnconnu","28/08/2019"
"5d669266d157c058dfecd260","comunication","Édition / Communication / Information","lnconnu","28/08/2019"
"5d66926fd157c058dfecd261","comunication","Édition / Communication / Information","lnconnu","28/08/2019"
"5d672eb3d157c058dfecd262","null","Services aux entreprises","lnconnu","29/08/2019"
"5d679675d157c058dfecd263","murielle","Inconnu","lnconnu","29/08/2019"
"5d680f2ed157c058dfecd26d","null","Services aux entreprises","lnconnu","29/08/2019"
"5d691abfd157c058dfecd270","ingénierie","Inconnu","lnconnu","30/08/2019"
"5d691b0dd157c058dfecd271","hardware","Inconnu","lnconnu","30/08/2019"
"5d69965ed157c058dfecd275","electronique","Inconnu","lnconnu","30/08/2019"
"5d6a2297d157c058dfecd276","electronique","Inconnu","lnconnu","31/08/2019"
"5d6a3cd9d157c058dfecd279","juridique","Inconnu","lnconnu","31/08/2019"
"5d6a3cdbd157c058dfecd27a","juridique","Inconnu","lnconnu","31/08/2019"
"5d6a3d04d157c058dfecd27b","avocat","Inconnu","lnconnu","31/08/2019"
"5d6a3d06d157c058dfecd27c","avocat","Inconnu","lnconnu","31/08/2019"
"5d6a5c71d157c058dfecd27e","RESPONSABLE COMMERCIAL","Inconnu","5d4aac542ddad2540787195a","31/08/2019"
"5d6a5eaed157c058dfecd27f","respons","Inconnu","5d4aac542ddad2540787195a","31/08/2019"
"5d6a5eb9d157c058dfecd280","RESPONSABLE COMMERCIAL","Inconnu","5d4aac542ddad2540787195a","31/08/2019"
"5d6a8b46d157c058dfecd281","construction","Inconnu","5d68c287d157c058dfecd26e","31/08/2019"
"5d6a8b9ed157c058dfecd282","construction","BTP / Construction","5d68c287d157c058dfecd26e","31/08/2019"
"5d6a8ba9d157c058dfecd283","null","BTP / Construction","5d68c287d157c058dfecd26e","31/08/2019"
"5d6a8bebd157c058dfecd284","null","Énergies / Environnement","5d68c287d157c058dfecd26e","31/08/2019"
"5d6c0103d157c058dfecd285","null","Santé / Social / Sport et loisirs","lnconnu","01/09/2019"
"5d6c0111d157c058dfecd286","null","Études et conseils","lnconnu","01/09/2019"
"5d6c0130d157c058dfecd287","null","Banque / Assurance","lnconnu","01/09/2019"
"5d6cba0cd157c058dfecd288","christele","Inconnu","5d1c7ab72ddad254078717b7","02/09/2019"
"5d6cba24d157c058dfecd289","informatique","Inconnu","5d1c7ab72ddad254078717b7","02/09/2019"
"5d6cead0d157c058dfecd28b","test","Inconnu","lnconnu","02/09/2019"
"5d6ceaedd157c058dfecd28c","test","Inconnu","lnconnu","02/09/2019"
"5d6ceaedd157c058dfecd28d","test","Inconnu","lnconnu","02/09/2019"
"5d6ceaf1d157c058dfecd28e","test","Inconnu","lnconnu","02/09/2019"
"5d6ceaf1d157c058dfecd28f","test","Inconnu","lnconnu","02/09/2019"
"5d6cebcdd157c058dfecd290","test","Inconnu","lnconnu","02/09/2019"
"5d6cec06d157c058dfecd291","null","Inconnu","lnconnu","02/09/2019"
"5d6cf018d157c058dfecd292","null","Inconnu","lnconnu","02/09/2019"
"5d6cf024d157c058dfecd293","null","Agroalimentaire / Agriculture","lnconnu","02/09/2019"
"5d6cf02ad157c058dfecd294","null","Agroalimentaire / Agriculture","lnconnu","02/09/2019"
"5d6cf038d157c058dfecd295","null","Inconnu","lnconnu","02/09/2019"
"5d6cf73bd157c058dfecd299","null","Inconnu","5d6cf5c5d157c058dfecd296","02/09/2019"
"5d6cf92fd157c058dfecd29a","test","Inconnu","lnconnu","02/09/2019"
"5d6cf934d157c058dfecd29b","test","Inconnu","lnconnu","02/09/2019"
"5d6cf939d157c058dfecd29c","test","Inconnu","lnconnu","02/09/2019"
"5d6d00a8d157c058dfecd29d","RESPONSABLE COMMERCIAL","Inconnu","5d4aac542ddad2540787195a","02/09/2019"
"5d6d2e43d157c058dfecd29e","informatique","Inconnu","5d1c7ab72ddad254078717b7","02/09/2019"
"5d6d2f8bd157c058dfecd29f","coach","Inconnu","lnconnu","02/09/2019"
"5d6e20e9d157c058dfecd2a0","oenologue","Inconnu","lnconnu","03/09/2019"
"5d6e2101d157c058dfecd2a1","oenologue","Agroalimentaire / Agriculture","lnconnu","03/09/2019"
"5d6e210bd157c058dfecd2a2","oenologue","Agroalimentaire / Agriculture","lnconnu","03/09/2019"
"5d6e2fead157c058dfecd2a3","qsodjqs","Inconnu","lnconnu","03/09/2019"
"5d6e52b1d157c058dfecd2a6","Commercialisation de maisons ","Inconnu","lnconnu","03/09/2019"
"5d6e52bdd157c058dfecd2a7","Commercialisation de maisons ","Inconnu","lnconnu","03/09/2019"
"5d6e52d2d157c058dfecd2a8","Commercialisation de maisons ","Commerce / Négoce / Distribution","lnconnu","03/09/2019"
"5d6e70c4d157c058dfecd2ab","isabelle","Inconnu","lnconnu","03/09/2019"
"5d6e9a37d157c058dfecd2ac","cto","Inconnu","lnconnu","03/09/2019"
"5d6e9a3ed157c058dfecd2ad","cto","Inconnu","lnconnu","03/09/2019"
"5d6e9c2dd157c058dfecd2ae","bâtiment","Inconnu","lnconnu","03/09/2019"
"5d6ec82bd157c058dfecd2b1","null","Commerce / Négoce / Distribution","lnconnu","03/09/2019"
"5d6f3c5ad157c058dfecd2b2","null","Commerce / Négoce / Distribution","lnconnu","04/09/2019"
"5d6f5407d157c058dfecd2b3","Lancement start up fonds","Inconnu","lnconnu","04/09/2019"
"5d6f6f3989fd4c47b99636cb","management","Inconnu","lnconnu","04/09/2019"
"5d6f763489fd4c47b99636cc","null","Inconnu","5d6cf5c5d157c058dfecd296","04/09/2019"
"5d6feb144472f16796e2ae2f","null","Santé / Social / Sport et loisirs","lnconnu","04/09/2019"
"5d6ff1d84472f16796e2ae30","null","Informatique / Télécoms","lnconnu","04/09/2019"
"5d70b78c4472f16796e2ae36","TPE","Inconnu","5d70b5a54472f16796e2ae34","05/09/2019"
"5d70b88d4472f16796e2ae38","faillite","Inconnu","5d70b5a54472f16796e2ae34","05/09/2019"
"5d70b8b84472f16796e2ae39","difficultés","Inconnu","5d70b5a54472f16796e2ae34","05/09/2019"
"5d70c2e44472f16796e2ae3a","null","Commerce / Négoce / Distribution","lnconnu","05/09/2019"
"5d70fc694472f16796e2ae3b","Catherine","Inconnu","lnconnu","05/09/2019"
"5d7155904472f16796e2ae3f","null","Services aux entreprises","lnconnu","05/09/2019"
"5d71c4064472f16796e2ae40","null","Banque / Assurance","lnconnu","06/09/2019"
"5d72130d4472f16796e2ae41"," david ","Inconnu","5d70b5a54472f16796e2ae34","06/09/2019"
"5d725ab54472f16796e2ae44","sylvain","Inconnu","5ba1004a48b26d4df25496f1","06/09/2019"
"5d725feb4472f16796e2ae45","dpo","Inconnu","lnconnu","06/09/2019"
"5d7268734472f16796e2ae46","jean paul","Inconnu","5ba1004a48b26d4df25496f1","06/09/2019"
"5d72a1854472f16796e2ae47","null","Édition / Communication / Information","lnconnu","06/09/2019"
"5d72fb6a4472f16796e2ae48","null","Études et conseils","lnconnu","07/09/2019"
"5d74079c4472f16796e2ae49","null","Commerce / Négoce / Distribution","lnconnu","07/09/2019"
"5d74c5694472f16796e2ae4a","null","Santé / Social / Sport et loisirs","lnconnu","08/09/2019"
"5d74cd5c4472f16796e2ae4b","franchise","Inconnu","lnconnu","08/09/2019"
"5d74ce3e4472f16796e2ae4c","franchise","Services aux entreprises","lnconnu","08/09/2019"
"5d74ce534472f16796e2ae4d","franchise","Commerce / Négoce / Distribution","lnconnu","08/09/2019"
"5d7504274472f16796e2ae4e","null","Études et conseils","lnconnu","08/09/2019"
"5d7528a84472f16796e2ae4f","null","Banque / Assurance","lnconnu","08/09/2019"
"5d7534854472f16796e2ae52","Achats","Inconnu","5d752f484472f16796e2ae50","08/09/2019"
"5d753e314472f16796e2ae53","null","Services aux entreprises","lnconnu","08/09/2019"
"5d75ba944472f16796e2ae54","Ux","Inconnu","lnconnu","09/09/2019"
"5d7618ae4472f16796e2ae55","ressources humaines","Inconnu","lnconnu","09/09/2019"
"5d761be44472f16796e2ae56","relations humaines","Inconnu","lnconnu","09/09/2019"
"5d7640e34472f16796e2ae57","anglais","Inconnu","5ba1004a48b26d4df25496f1","09/09/2019"
"5d77790e4472f16796e2ae61","olivier","Inconnu","lnconnu","10/09/2019"
"5d78780b4472f16796e2ae65","null","Informatique / Télécoms","lnconnu","11/09/2019"
"5d7890d24472f16796e2ae66","Marketing ","Inconnu","lnconnu","11/09/2019"
"5d7890de4472f16796e2ae67","Marketing ","Inconnu","lnconnu","11/09/2019"
"5d7890e04472f16796e2ae68","Marketing ","Inconnu","lnconnu","11/09/2019"
"5d78be004472f16796e2ae6b","pierre larrat","Inconnu","lnconnu","11/09/2019"
"5d78e9d74472f16796e2ae6e","null","Commerce / Négoce / Distribution","lnconnu","11/09/2019"
"5d7a11854472f16796e2ae7c","david balagea","Inconnu","lnconnu","12/09/2019"
"5d7a60db4472f16796e2ae7f","communication","Inconnu","lnconnu","12/09/2019"
"5d7ab6204472f16796e2ae80","null","Commerce / NÃ©goce / Distribution","lnconnu","12/09/2019"
"5d7b6a9e4472f16796e2ae82","plombier zingueur","Inconnu","lnconnu","13/09/2019"
"5d7b6ac64472f16796e2ae83","plombier zingueur","Inconnu","lnconnu","13/09/2019"
"5d7b6ad84472f16796e2ae84","plombier zingueur","BTP / Construction","lnconnu","13/09/2019"
"5d7b6adf4472f16796e2ae85","plombier zingueur","BTP / Construction","lnconnu","13/09/2019"
"5d7b6aec4472f16796e2ae86","plombier ","BTP / Construction","lnconnu","13/09/2019"
"5d7b6b0d4472f16796e2ae87","plombier ","BTP / Construction","lnconnu","13/09/2019"
"5d7b6b144472f16796e2ae88","plombier ","BTP / Construction","lnconnu","13/09/2019"
"5d7b6ced4472f16796e2ae89","alain","Inconnu","5ba1004a48b26d4df25496f1","13/09/2019"
"5d7b94284472f16796e2ae8a","marie","Inconnu","5ba1004a48b26d4df25496f1","13/09/2019"
"5d7b94c94472f16796e2ae8b","pascal","Inconnu","5ba1004a48b26d4df25496f1","13/09/2019"
"5d7bb6754472f16796e2ae9c","null","Commerce / Négoce / Distribution","lnconnu","13/09/2019"
"5d7bb6804472f16796e2ae9d","null","Commerce / Négoce / Distribution","lnconnu","13/09/2019"
